65c1ba2b8c,1000000,3c82a85ed662765d0297e185bc491fa0f962b910f1a6732aa32f64762531ad2d
3e0e170fe4,1000000,8afa05a0bfe9c00fb4af8bf39110eb29de75d774c01eab3e16fd6d0c2173ad0d
7d71ddb218,1000000,cbf25948152980cc2cc6f8e9f516ae73b76de4aae251240f834ab1c5cb4a79d4
ca15355b07,1000000,959b03765612b79ce790dddbfbd62fe9d161fbf8bdd711e3d781c5823937b370
2fae12bbc5,1000000,d79aa1ee15e932bfdcd7a9b631087379b8c9c2e694c7b02a243d0f62b6ac63db
01a8a9e55c,1000000,6898ff605b5671652534ea2bb7364165113d7bfe006a58b7eadb3923433ac898
9c02937cf8,1000000,392270a5005d96873317f34a125bb423f1780a881edccd262764d980905c0694
852f0bade5,1000000,358c84551e2ae8d4ab9cc4a1c339d783778eb442899da1a76c4fda6bb0eece0f
37a36b447a,1000000,336ee860b1cbe6aa2beeb3b897dc189c75b332975b48fe7b146867e897b858d2
c4dd98bdee,1000000,1799c4689d49bcaba1aa76b472c9c7f1ffda29f1136ae8874c80fe1953fcb0c1
a23d975c33,1000000,1fc0c6fb3a244d5ce70f3751f2fef40ff8de8459545bdce8f2ccb7fc22c16c79
78df51bdf1,1000000,8f3cb741faf31037a25339ff6a486ed5afda4ad039d9374be2ca6cdea08538ab
8828ef2579,1000000,116d9475df58d4a77e3167bfa442ac39deeadc5ade310ba0c075ef1dee3664cc
d4e2fd43f3,1000000,d309be90ffd21f87a8f045566f8c429197ca7dd10305dce5de18aa025e2ebbf3
4da2061961,1000000,385fca5ab1ccccb38c7bdd1344e4d8f19e5eadfc3d60d9601a566d22089e4509
967e2eae7d,1000000,4819d18467aa74446e3dda0cbcaf9de6a4f9f7d865a5c194112596ae3b7e4b2c
03dff203b5,1000000,46dc41b2e1e02e6ffc0707e5a2503661ef8db1e4e460c806d6ee7725419f543d
1a7e680c11,1000000,717db9e77d3af0ae939848fb79d12800adbdfa7a5179fec5ede466d201784397
75d81dd230,1000000,d9edc8b4e424ae8772945fa18b95c5295673eb6db78f9df66a87f2789098e398
adfa5b03f2,1000000,c032fd0917ab31b46e3c5a0488db0106f9dcbb9fc01d6fb9652ee3e0f6c2ead6
c4c2f62222,1000000,4b78148864ed9ca435d67c88ce745bfcd1bc57aacc6438f457b09b95493784cd
33a77c9797,1000000,ad51160ef590e1638d6902ee1b83712e79f6a1337c9de0562bedad278db557fa
3357424e2a,1000000,3aebbfdd80f760b8165f9e7bbd75ea751d6c05a803900afc0d3db1275fee3a85
ccd6510a57,1000000,dd54a3115563c9aa8e019e64c2793e09a3657c377ff98e11e89ba39dce0120f3
6ef3f464cf,1000000,6d50f8c318f3361102933ef6104d44b3940cbb7f83656f87ed66add75d80afe6
3a8c5e1462,1000000,fe9b4926215803154cd381d915800af6e092fb17975e7a4bf8fc715b18614091
ae982d7162,1000000,6672b342899cb6c12ea6eab385843c25a20d7791bbf3a84b3a76487f54327175
9422a358df,1000000,687c18b3ed175c81580b061e7ac49588fcca9cc4548fadf077460c26657e1072
0ee64f2064,1000000,a3e147b167dab1301d5f114a0d509a8492684f40eb19fe5740f269d25cf781f7
4663021655,1000000,5f9613997341b1566085b54fe8859fee088e80602582386b520712e02484d76d
f6cde5f774,1000000,4c8882b2613e655d689f67d7183627c10e497823ec4c59a4d627d52a89ef559f
10c8d04ebc,1000000,c622d202ddbf50a2f2570d9cd3e66816c14111f5a05c6173014e7c99e147e2d3
dd3fc73e7c,1000000,5362a0f5839935febdf123b79f9e203141271d38c7b3539416eb22cd118e9104
c841bf9201,1000000,091fb22290fc157b6bd9cf3d7430a02ba2e7954ba43b202b384fd1f9cb128662
0f2e4ec582,1000000,afaced7886704a1d5dba7eb0ce9c0e4e1564e9788e3ce4140e1cdab7049ac409
c48753529c,1000000,92a23c3af7d3367cf8fff835afb6dc8f76dad26fd638c163ba63183d77cf945a
c87783b231,1000000,a3ff0d37058f7c4081be8a0afa1b219a0a74a99d9cdcf64b5f506ecc3f7fcc86
d41b78e5c2,1000000,cd0bfccf748d757649063cba7e89960ca374540cc5aa5864426d86f43f1414c6
64ba744c4f,1000000,fd0591a5813d0d511218bc3120c9b7d233cb24f2a3d2cc7f2183c09e1ee15ec4
e947b55375,1000000,ae3402d41231bc35b92241c836452451b9fe290e9ab5539138f22b6ecdc7e35d
2eeb600f84,1000000,d2619e9bf81c4899f1229377d63bd3e507c4a4c37eab13a515ee71b0d2adcfa4
b9535c843d,1000000,8db872bf137b868daf2b7c80aa25a0607c8f05f4ec53fcf759e6ca42f72315b4
753bf65a23,1000000,d58a1e1b26cd090db616ebb4acfa1ead4e43c4e62132a4730a783d12b618e8cc
5911365d90,1000000,dc6924fff3d1ebaff75393ed241749a76ccb27757f89bc1131520bd484bd46f9
6e2ea3942a,1000000,165b559e1f5933fc73232b4e9135b1e2513318700001e2e0fc734a114adcb798
dc02c28d08,1000000,3c805fe92f36d74348c2bf0c595a83b4d717ee305f96308367ed4abc15f78b2c
707834ffff,1000000,129cd59410dec90d72aa8d57c24df539979f76fcdb0c3dd4301ef0c18e58e636
fbba20bf3d,1000000,7e32675ede8757db14b34d8e97001c0cb4509285a595fe065aa91858777f3173
2e78336833,1000000,8035bbc619d07773a340aa3f1c508cdf5475d795adc0e58b9076552fe287bf91
db88753f3b,1000000,4474e574b841757e3c6d288f38cefcbdc7c1f4e33e3f4405d060bd9d1bf39853
8e8e093e0d,1000000,3c959ad3dc9d9d2eb706d266a5ee7b7cefaf1cc86b5eb9d903d50755b6bcb94d
6485f70a90,1000000,cb4fef9f94ebb682a569b0d8d39eeea7a3704140478cd4b666a2f14afc447628
7bd6ee7138,1000000,a81ec620255c4f138abaf5bad54c39bbb3d81ac3ece4d1737eb6da4d9d94896c
a74a681c38,1000000,3e105cad7a1e23647b9c2a38704085d3e43f1e6742a36ad4e28e62af7cfe2486
7cef7da4c9,1000000,5966547f2e8aaa45d550219f189463ec67868e66608c3e0385b9a5cbe2d96b28
f89c653885,1000000,d1a41f9b990a941a3e9191f8b36c53ac669e9aa611624e4bdcd7852b284562d5
512f941b11,1000000,dec8ea5f5b65cb71426bbb8abbb3cf9e086b130d4afb9120406592150b46a6e8
d1a067bf22,1000000,727003781177690e26161e5a365438045d88611a1157481d0857f2b5d6cc926e
5cdd0b6f2c,1000000,668f5025ee40baa0dc384809f30b6260184a439b4e5ea9d858a89c289ce30d32
69e1a419d8,1000000,cd0e4f7e2bde2cd4d4ce90cedf548dc23137d367d76be5561cd0e68932415c59
e0dc712c09,1000000,1b4f0099693b1b3611f8a03280e9609940ab264cf9b0c4b63bfb697165dea90a
3dd83fc5cc,1000000,80126fda2f5cc18cecdcff4a03b3f2a9c33d6ceb536ecf4d9a7d7f18c08af5e3
b914b3a554,1000000,f1f8d4d6ca92961168de7e0b086b84695be695d99bc4fdad88c0fd66c345248a
e50c31cf92,1000000,4ae700c0b4feb8ce22b815df65bd6b375db9d1c30fc2503580e0eb52d60963c3
855dfe784f,1000000,ec19b0c268a8c2cb5b30489ee97aa4be85994921389580fd0fa37512783b5136
f80868997a,1000000,ed406a21cf28e69645aec4d779385d91582b0148b940863c6e81c1e9e613192a
ddd22758eb,1000000,126381795db345fa84030b320a02dea149bba47f45246e8a236a582a284da643
6fe6046b1f,1000000,484b22cef944942ee84be7c037893ff9a3c44cbcaa55ba125de60a4ce350c05f
e1d635cc41,1000000,ff2c25de983df65d5ce7d33434778ea33e2c9ef724edf26ee1c16b81a2b27b5b
1d3300716d,1000000,f8e09f8186b5675e86619f0afcb4c37180b8e9905d895550bf10acc4da0abf58
b443e04b9f,1000000,fcb85084f3ccaff2fcb43ee979af659ccbab93c4c667cf18eb0cc29976a7331b
982e468273,1000000,031f7446f038ae4dbdf52f15bfd3a1ae1b4c8f98b8bf883ab3e30ff5a0012ad8
8f8df3773b,1000000,1d0f09f51b35b5ae17093ab2dcb7fe33d8f1997e069a5d2b8f62e7c2e89f5c17
64c434cd5b,1000000,e6912026c6392a5586994782da2d2e759462af895eb670922a91027d2838835a
03bb1a686d,1000000,bd66809d18d39f56d5ec4690988e6cf2b52791114fc17b3ff57e8e8fdf39e4bd
7003a7089e,1000000,51a7808ce3953c62a8e5ea112c50305024c2d0c15bb758946d03d324e5421569
3004d1ed16,1000000,3aaee5942d926105bf06056df8b2fddf002dfc5036792795ede32da37ac64212
5f8dbb1a06,1000000,897c7c12f04f48d96c74e4504c04101f788cf3f57f3da7040774e3786aefae2f
942942e67d,1000000,d4d129a6428c503b2244a9af484ad42f9726b979d381ab61c62bbba63545df41
eee574de21,1000000,f21ab53d903b4b121887e3fa92d9d802311f5aae441cf0bb70bf3ba4a7d7042e
4c178a94c9,1000000,3e792244a175ba6c89eee02c71e4162b5ce41b5624813f582588271829856417
a815ea7dfb,1000000,cf205265f9967e1c0e92785f64202149032f5488f2c105c764010a37537b68fe
3801ed7861,1000000,4e08aa8b744c9ec65013d4ca43570e155c73cbce85b19a12087da761c71169ee
0fa04523c0,1000000,995f3d404511f4a500a8864cfd229acdc07814bdcd4264e55afbb2b7d261524d
70fc9b8540,1000000,4e8462090172a911ca5ed55aab9c18aae34e6c134e280350ebb5a87a80e2467f
48b39b5f78,1000000,848f031f333ec0c2448a90bb891ea66ce5cc9d52c039948245aae115999f50ff
a7e532b6cd,1000000,215d7fcb011f29e663fff83b19637e8a16710b835b97ce457577eb91d8a7d927
71c05c9101,1000000,8c77ec9556012ea96cc12b6938cf784a5020c6fa9310cafed046312c34a6a6d0
f45af307b5,1000000,e63cb3b9f5e20bef7dc92612b363b7df8294646311f10740c65f98cc8911c816
3f2bcddbf8,1000000,01ff3057d0c5798df08b32c828c29f0d052ba6004c0d8709c86ae93f2075a54c
837227b781,1000000,aecc6ef0a76862cfaff7078beba07aeda48afb5594b22d9d0f3cb593f9e2f761
4ae98f96b1,1000000,2e101f9e5183c4f991edefe3b52a0d637d25086aba6277eb3b49ca0ca31b6ca8
f53fe0ac3a,1000000,23478a370045b6618687fe332acb24a38bf4f108d34408f63bd5dee3730dc518
b0de4c45d5,1000000,a3a2aaf0fea27a1c6f53d865a3a6d2405bc69cbc4cdac11952c553f78cf41533
59e3e3b9b4,1000000,20e3be088e45a40bab35b94b65b27fb36460b47a0452dde06b582a87d879199a
efe033486a,1000000,32ab438099c1c9dc42444d94dcf57e574be43b07aeb580ebd004b8ec756ef42a
796c29fc62,1000000,9b9fe574e40be8cdc2bf1998f36b5e4a74579f0e53e8bd173f459b0c7edac864
a4ea1c55a4,1000000,08ba8222623c92657d5719c34b726a65b7bdd95e25738fa1a03c135d7a6651d0
7bc431c7dd,1000000,dfb66d8cb54d2b2e3677babd68a010ca448c08d83ad2d9608da36ff55e4a2486
802769993e,1000000,c1e220df80358423d599e104baf5795bf18da8c2c11ba798f1c01170f5c7088c
a8991a313a,1000000,ddd296501159d3e45fc5a717ba746a43e0d1a4229891ff47cf63771e23eee287
1fb7fce9b4,1000000,6448f92271489bcea87210145fdd60191f5c23fefb880c14e27a7c3cd5564ebf
49a607a789,1000000,988c607049379242aa43e8a5ed841460be3afab71841f664539c194d4dc79812
a66a492a92,1000000,0fa9e3aa4260c0627e5e48b2ed57b529e6332c481e9bea95bd60a5e1277d6fd5
93f2402e4c,1000000,1578ca109e9df3fb0c06fbb8039152d3c0f62e8329a3198c47c3cf0fa4b47fa5
f75b76fa8b,1000000,3dfa5ffe2431162bc7211ecc1aa1ddf657014d8ea5ac48efaf34c9c16a507df1
a899e2cfd6,1000000,203cf74f20086e56b2419514b69cfb701431a765e3c01565f3e01c4dbba605b7
60030d2750,1000000,ea9395b301a5abbc739163a300f3c4b5422db399826124bdc2f6d2f02995bb12
401473118c,1000000,de2d32d99ba5f9d7c5397ff4708f7384376ade8181fa48d68071ed5268a4d177
b07dbbad6c,1000000,482b47367924aae8af73cf0606e7ae790be1b7b902d41b5a402ceb24b495a1b0
337bdd5042,1000000,6d3d11f0b0c8a0f30c11984296a6024e1e5795370add64376852e8462ba5f374
eadde89366,1000000,a97c305deb3622c593b3ad80a13d554747dcfbec52eb6c0bd857f17837e5e2a6
85cb3cce94,1000000,5b3984d26b887a6463020fc640d841eba28c7cc546beb83f58560d3c53273b00
8846230178,1000000,e439be96c1af23cafd2e78953a976bfd4679726989e894859fae84b1317cb37b
bedfcd7376,1000000,883352ad512ea6a2f9324f08162681dcdfac614272c4cc11889756a29e0b8409
0c82299152,1000000,2878c056f1a2115fb1e45b9b4f1b6b3ad0a60de810eaef6e7671c1ba03fa0015
d6fa257d79,1000000,9ae9c6d9e6f6dba15b3b583f412abfb725f76e1f233d21ecce66f68f4cdc97d3
f5417d82b6,1000000,4b1980ac77735af0927c84910344ba77bba89e29df5cde4c4ab7e2c367f843be
d904f41087,1000000,c5231d5702771b18e806487dd18dc17eb24ba3cb5f2f6dbd039f4edb767ec108
ec3ba9afdc,1000000,77bd6e1b62106b399b767f914931150175ececcd946829152efa6d023fcbfded
bd5ab04f2f,1000000,f96563329541c6250031da7ed8e58ecc18c5563075ee40c483c8af298d6db379
13f3382941,1000000,277bb02232e9ec672d65b6064e156076d8146d772c7e25205595b180a8e6595f
2ccace8fed,1000000,c5a7e7e5f5a8293317454c5879771b397265ac10640fa65fb56a0a2ccffa335f
77ad1337e0,1000000,c68960d2c243c4c58f3bd96c2ee794de4c4d13fcd3abd1ee6650c794da991d9d
3469d42ca2,1000000,6d680f47de59b09326f2c391091ff0ced64d185f8fdb106b832866d696b45c83
106eae0366,1000000,f85b6068fe2cd13ee8e7a931237075fecb28dc1d3ffa840793614ef6e328dac4
3fdd17b180,1000000,0272ba2176c2aad1ddc7e904aa85ebc720b96aae547cf2a8b354d4142c2427c0
75b4e21ec9,1000000,4c7c416a26aad0aa3661bffc90a803401309729fc3a2df6478e8af2af3ec01b3
10ec1f809d,1000000,6ebc24fe59c4c4b894feb505786f532d851627c8b7044bba0a1abc78206c4e0b
d4f2f7f2af,1000000,2738e1022adaafb0c7a4b9246f3d6bcc3da1b27510ad1594405723e590b5d965
db89af11d7,1000000,6c8d54679a260dafeaa213775b7031e7ae45412c03e029e8b5ccb8be85ceb968
dd6a7ced92,1000000,bdae2860ad13cca0a9c9de44632a1f0c30f0addeafb0c2eb924f570e312c51d2
48f96a1102,1000000,a7e713e900fb2028b1aa9750fa1946e7bcd7087769996d4bfa8f1dad55016266
63208739b2,1000000,db9618e72f5e5708fcce7f24fc153e73f0f8f53076e346b0e6eee6f7f1af9036
e23610905e,1000000,7f3f69591216c05e9a34e072cfd029d5e1412d89240563bb8717d3176e353182
2f9c03b9f6,1000000,1b31fb63e91a881a1c8fedbc47fbcf9d2aaac30da1aa97bf668c0cb45a04f471
811c2cf8d3,1000000,507617009070930d2e94c5304abbbbb4d4231e33eb067e8af483b3081e549652
5d7a03ca69,1000000,35b89c75e29860f1a639d4e2a596872146438b65559e00bac4d2038e250d2d11
e5d429baba,1000000,2c8a1240648c361bed57cf409beb5c8b7a3fdf0c46357a11944d02993ba03819
b72ce68ed9,1000000,e1fa119d94be14588ff569574f18f0b9cabbde031b86696e8ba7332c426b954d
04fab91e89,1000000,301463634917065bc1f1314a12be9dedb158121ebfc6e14d9907474d4b2f7cda
b5e8c2ee40,1000000,41dc9e3419117749379018c8d7ff63aff8c9e183ded9b749d979597fab2b3866
e97f54b345,1000000,9e1dc55647d21c7073cb80f3a4e09a7049dc72ef4446bcec9d0b351a9c1d5839
83cd10eeb9,1000000,768e12491bcb939dde77d0c9ad6e322478ce66fbfe5754c798a2ecd7df948dd1
4dd23ecce5,1000000,d0b755baf54b50be832d65a396b8656eec8e693345e01178cdf8f3430ad5415d
ac345aa887,1000000,e90a77c6cab0a410247f51f152059d7b5a7880c2d054ac0ca63b1d9481767122
65314192bd,1000000,f61bcfb4244e0fc993eac03972362e0cd523f6c41588dfeaa78f2ab8c758b7f7
8aeb2b2d38,1000000,c7c6994a6dbc353662f166f0fb7e378cc28602bd3d6b69d9da18d91097aaf009
b2fb939cc9,1000000,be192dee755eaf7ac233fdef548e34d4e1ac73277520d5f00c571e0a527726b8
b57f15b63e,1000000,b91db48fa8150dc1599b492d660a655066d550b7425b3d2f3b3e518288734aa4
46e36e5083,1000000,2753b1c47025acfcd11e828a4cfaeea17647ba803125840fccea6eea976bc4c1
d677b3f97b,1000000,50d7af89680f363ce70081b9d5f1c355cccd1b814ba7e3ff43b4e8097cae7066
be5a57f5a4,1000000,e73efa8bf033fa0c29d083daa0399e934b84af71fb6ce38e9339e66367f1abb2
a7ebb471d4,1000000,c987666fe8a63317dd95b56251b16b1994aaf15a918ccbdd8f572cc44224bdd1
67b16ffce5,1000000,1876314d32f0901d725a7602b1fcaba6ad1be30dd3f4d6df95cd9baff75f425b
d2851cedb4,1000000,67d91b7509f165b71c856c031a4fafb8f8f36ffbdd84b4b65f77e311c0f45e9b
ed435b5c3e,1000000,b50fd0f9bd4aa10ce9a65ff4f4406a6be0a6aeb2475b68cd5dad7dd1ef7018e3
dd62fdc109,1000000,eb7a332c50d7f497efaa2d3eb75cdd4e3d80ad8f637352c6e1d8f7fbd56b00d4
16d0ae0398,1000000,22dcd9c7b0933b046b34fcff59d57d9580eb404f4524073e1b307207bcc63fce
1fd35784b6,1000000,ba1d230d4e95a950687ef09be38af466a62b64f2f0a3d9be86fbf60b4177dc99
589ca23c17,1000000,63fd53acf9c84ff7c33ba8d4cbae94d8cbc5feaeebccc600cf8bee94917bca9c
f8582674d5,1000000,6e4048c3d4721023eb20a89e2ac0ffbe705fe971d358ce455a2a6075a45c2af1
1568781a13,1000000,0a238f99ea3717797ede81c9f5242546f1c7ed98368243da5355508205c1d043
b2eaee166a,1000000,9926848968ead44427af42a299eab36f1b1cfd48685f323e0bc908e50e11eb2b
f48752fa55,1000000,58f99365793e586a9d3784a721b46e3327d59340df1ca4827f100366d36c4d3a
d11694c84a,1000000,d3d09e889df1b76c86750dcf0d9472c0fe579a475ce81a2fc7c362335d74234a
ea810341f1,1000000,3a1ee0c5260cbe1be37eda561f1bdc18021b0a6dde4fc25c8e43eae1062be64d
b6b9197aee,1000000,935d9ed960cbaa42463928d1c1060d4336555969e45c4803339d3ac1449b9f7f
b408387fe3,1000000,0b52cdc271640e0d4cf21dfe1da2ad05b955ddf6e10fd70050af5a44b61add32
bf2fd5480d,1000000,77b442defb77a71850d9fd93a2806620b44990cc6c4f91cf24240dbbdb72c6cc
bd5070e3df,1000000,9217af7f52b9ef0afa4860a4ea36fce6a72e4fbb5247921c65f20600480f057d
a4709f9c1a,1000000,c55c821d591295fb4ed0363d263ba35ef35c2af06d5c329464c6053e63793a79
1de65b1cdc,1000000,3097ab38c210da01aa4d95bface6085186ca53471e9f47bf415615ce97aadbab
c438d061cf,1000000,177750bec89916972d34bb08eb8d305383290d4725fa7cd3d3dc65d07cafac82
efa69dd7be,1000000,74bdc558a2856325a82323004f36bc7cafd8153d6ee75314aefda6785480e5e0
ac437c5db2,1000000,0ddceeef2c41e4831eaa80c63407a2357bfdbe934ec86971abc5bdb3d3fb3965
c7155810e5,1000000,3039dee43cf87dab016207979e55e3d2baf62050d1cc4500c105dbb96427c416
fd0bc5c2a1,1000000,aa1fca3789be93fcdd93620ac24c8d58fbb751f7b4a5ccc202e174c58e87aa45
300d6d8983,1000000,6bc6268c4e6b1737e4d8c716de841070404b99214b87f52466e2ae9fd117494e
23675cae41,1000000,777eacdda5cd1b545c7d3ad296d5069bec709a626626ec25d98087a9971ee1c3
ee3ff6ebf1,1000000,27d766ba42214c15a8f07a82a4e1a441f0ff255b403ac676157af69d4296345a
8b7be513e7,1000000,c1a3a5018c67650099b5a0f0f4cc3cc8b18c89bce5afcbc9a305f9e45e77534e
fe248bf2a2,1000000,32ed7518c16ce4cf9a77cbe1ed4c09eb6967fd4cdc8bb2e3515e5612a07f2c2a
3db4358f62,1000000,a2a8be5da3cfbb35c4df3a5337e1412c3713a13dee34d4088d22092363e4851e
4cded47cba,1000000,1fd1883ff0122793c545f687cf37fe6467a0610efeb78a02b68c1522de9cf23b
6145cd247d,1000000,43857b2139b54f51fb3628e41be6a781873f07231beb4fa1fe5f9ca2cacc2efa
ba4a3ea707,1000000,18714d372392fa9d6321f7073e6950d4a98a0e677ee9b1b895b8245aab055429
31019af83b,1000000,be0fee0f099118c0f33a4977488e304902389422f4accb48cb1fc9c830621f5b
9cfcdc1cd3,1000000,3ca8c71de93c099cba9d2833a3e6f703ecf295775a7d13286feebefb061fd76d
25c77be8b8,1000000,18018442afbc055dd312c2892ec71bff0508943dcd8815d6019ce6fbabdb2233
01627d7e77,1000000,c403ae531714c4bbd11062543c5795c93dde98479d0821cead946943e69efc64
9f7c5095da,1000000,089314e96c1e1dc8d1bfc64492f1d0e5832ff35bda82a29bffda4b1ed1adf478
c42d4e851f,1000000,ddb105208a23dbf0f6e05d4d8a32591af211e9bdb1cb85a676fdc197ec5edf4a
a41fa6417b,1000000,0fddd8f58c60d05570a7c49f4160e7d6f2e171245b21d85134c43437a90570a8
f0b34c3de0,1000000,840908e0f956c8e9d49fb200bb0e8b802b74ede7e9ced42414cfbf196218ec30
059ae7c19f,1000000,d73f2951384c7ef045abd63f066d13fa5b6bb787de5de07c9e9b2753a08e5711
8ff3c1df19,1000000,288ee7b5fb6d6dfb2c63500bc6d3b53fa40bd9d6d78b47a0978e314147c897f5
32e7334a40,1000000,1a3a9d054026680473d36c4e8c0eade67dde5c18934e1b81b903b5d038889ca1
ecf97b6263,1000000,81b232ff72523091bc2027487d03d14934dd5dcaac0de3a2ee8e1df2a1402708
776f0e591a,1000000,92ee2e9ae048749e82df40f4a853a8cec1c4221d14a6d2c6f9da8eec400ea995
cb5b9d3094,1000000,6b3e476068ccf4e118abedf502514de4d71407f0fab1fb978bcd7f3359677bd0
4600be7dd5,1000000,311125f8b8b94e57640f36ad52ff9b872bf94ba2df518516158b06154c57c7f9
1dd323bcff,1000000,ffd08ecf5c26f411b3410825aa50b7ecc244bfa0a8de2e080ab2fa6eb71ceaad
18c4b44f81,1000000,4f330518fe64d1c557959f7bd80f1c2e1deb1d6fa97fe5a8b5bdbdc470500e78
dcc1b2a230,1000000,405902951739958a764bd439f26aae9b25b2cb2bdeb0a12dafb9013ec68239eb
612a4f34a5,1000000,5881f6ae779487ddea3c7d8889af1732e025da52e69b229b97daeaf005ddd7b2
3ef3d91a38,1000000,719474fbfae194c96d6b65e07ea0f961beac2725e432ee7c6697b8e94d118550
1455320bcd,1000000,7dc284459124d54dd8827cad191a7ef0b771fd914f53767e9f27a4b04235fb49
40815d34c1,1000000,c5ab7b2ebf4caf982a9f504451ff32d1c7f3129291700c1a462599d70ec3a29f
b2c2f44063,1000000,97d34371bd143b60f620a5f65a30e0bf35fb834439076cdf4e25cd3d455591ee
f6f2eacd99,1000000,7337b7e6243ad48fd7381523bf469448c3a8288ea68943a7ad077b5c10def31e
81a7f8fc58,1000000,b0d7a849b3707ddfe3280aba879281923a5de9a211de0513095c73dc9071d403
ab5e6980e8,1000000,6fc670e44e63da6f552cbf677c01ff99a14e5767edcd2a16160504a7e1efd135
a228b54ef5,1000000,7ec60c5e0d2ecabcd503305fc7a5234c71ac3dd4b86eb73c1844abd491c89c97
5eaf0aabd5,1000000,aacec277efb3c38117693ed6c873fa91ab85fbea839f7fd7d07d853cfa83b8a0
f1197fe81c,1000000,5013710adb487d934797cfd0e9a3445974e7eae7206d8b825da6cba21c171435
1c318b2946,1000000,f71efb570be42ecabdfdfe71da359a7639702e6e92f25d4267bb5de8d239f2bc
a2015c5c68,1000000,6987903eefa5a10179a931b03c16174cd1873a70cda4a5bd1a663061004e3107
bbc7ae767c,1000000,ba9fd65621c4d43f65771032033986c1a18f95a20bd789ce9d6159887e6ed310
55462de184,1000000,1f97ca0e2169eb7f5648d55f604b03cc4b61ec57b267d4d572b100dbdc880cd0
db600847b3,1000000,6cd33a71ff94eb528074e85a1c73e7d66c9e6c83b2e5c57ff441b476adb9c714
cdbd5f1049,1000000,b6fec263bcdc2fb5aa0b4f729434e9e1144d3cb4a16b6f2c246dd5ecb5b62ce1
f4d5e81aaa,1000000,ad007463cca7b5c2492e58d7af72e3d3269a45789feb5f1d2b7acc7e6bcea18e
03b138cfa5,1000000,0f530b31f0e72abfd93dde388d5236b4f49f8d798af1d2b761f846dadec37192
9b0b394c09,1000000,991a24670ca123d56f1b23ba508e7a8e48865af5591558c25ec43065a1219f7c
bf1f060805,1000000,0907a680fddc1a83a82e2ef79a573d1a268ad8542467abd4985ae651a317bb99
eec3883e96,1000000,27677846575504affdc0b72af03253e29a5d6edb877667473b04983b29fb2427
839f148150,1000000,bef022c8c02bf3ee4d2fb81e0f113bbdf5169357c9bf62d3124bdccec70d9f27
c5a4356063,1000000,2fa9dee55b9682fd5198539b3753f4b701843a9b5b1b3b7e3e3d45437d1ec092
0d61a814ed,1000000,cbedbc9e3828ffe9d6a71616601a8ca5205333c9d6ef8cc5a7e4f735362afe31
62b8692244,1000000,c6e0277d7a2a841ed1f3ae342844ff4dd7c3f8c57ae2b69ef5515ff130971b84
b564c9712f,1000000,e5772b42a5a05b3eef8531c89e6fb7b742ce7021d492641bed173037ebd4bb83
741f68516b,1000000,715e3a4848a98d247fe7c6fde00f2b5fe73145598d1124be30afb57f4507c732
11e7265eba,1000000,c80e32b10e59fdaf7a9ff4329183be4376a6f88189f7a7819e30fc7629260054
1efb1949ff,1000000,80f52d27c1227bc19f1c9258c2862fb77a2851c6108876f7b48ec2b4cfd5e979
c9724ec010,1000000,2c07142a21c4c836137895dbadacb897d2ab6d43bce86c1da773ad08970e6377
d3b6a8d735,1000000,6f9f1d78ea3fb4f38e996a8ebccd5398182646efa52abd619e82deb28d8f81f5
3f081abb08,1000000,8f0f0d2ce7242fc3d996afd0838871dc394cbf3bc443d023688f4dbd8ba0328d
49ab0b177c,1000000,b1eba638711ec6901a36d3d870833a9f1501c145e30642654a6aaea84e37cc76
af79127d8c,1000000,1b3469a3e3e41ac78e122cf3274f3de1d20929dd6b0f2c7680639cee79d2cc5c
9c97a53ca4,1000000,6deded4367b61f401e3655d5b1f1ec1532cf065ea7d2a130742d51d269445eac
a48adeec13,1000000,93a6343fbff692a0119b49537985609e06dbd6782fe28fdf2b3dbc77c7fef3ad
bcd13af6b7,1000000,57dc79a57a3d23ff9d3aeb74a40e6e638d512902e1ebacf662e2b734ab9c82a7
9c0009edc5,1000000,f033478e2140bc1dbfe42599dc0ed85c8aa2854fd47f93c1540d6abbc088be61
1c43d92f6b,1000000,c46f818a1aa86149b76dc1f8d3831babd7a6adca34252c6c5f1b2878aad7c97c
5c7f4abceb,1000000,491b55867f132df9d7fe07ae12ff437c451984f77d704f7c758a79dc2499d552
c8b8e31e27,1000000,784065a1fe49889b7ecdc7979cb1c0c197ceafd1b70e239e8f06fa1b119c62b7
0ff0cd9761,1000000,152defe9a1d2509e93176dcc8810881d2e9d7b00c8b893e20f090fc209212e1b
a0224444aa,1000000,5fb871c948292f5b88e0c108ca654a9ec3544553cc314127d1ea82d96e1f98ef
61b6bb3aef,1000000,a1bf9e440add513792afa06949bf25fd645d4d841aad1e516ea0f5ab139a0a16
cb55c5d117,1000000,dbf79fd05412f453020c92d81eee968c008907b10c92e4964c6235f3eee86c3d
c0210bdf49,1000000,5e24f04e4e917bd752a8c62f08989637a1345b228a025ab29709dc20d5a61ea8
3f3fd53b7e,1000000,1aeafb8cb2d306f5cc2ab979e0c7039ebaec4773e3146a621061fffe441642a4
ff4f27cf5c,1000000,75d1fade66a4061a7a1a0916d0823869cb5f6acdd701892baebc1e79976bb55b
b3c7764d5c,1000000,84a4c2e79b3dfd14a1e39fe9a1d135cd3b8a51432cfb6181dd0484ffa15a4b60
010fd4345f,1000000,28bd4497f5b9c41f647decf2de86fdd43f9418affaaea9379ff041d254c734ee
54bf293e97,1000000,188f0cff444b7120d0cb0e276a14a63579f0db8f6dcdda214107241e2d630bd7
f22e90ffc3,1000000,2a89b8281e2467e822f6d53b25f063cf8b86dc82a74adaf3dc8d43ad8c3b4cd2
48724fb424,1000000,6453cbd215c1b03b64ffc442c546ac96824d8e00402e4db8af1486daefb3aa13
fcc9d6790a,1000000,2fb61df420e3eabe383bcd80adf842c3e86349602ef544e4d2b9dcb7c601ab6f
3e6ce33c18,1000000,bed9dfbacf5b7daaba4e1f0af8c96138b25e6bfaa09ff9f876cc4db5c0cbfa65
bb903450ef,1000000,577c0c0a10509b251a80b082ee01142b8a871694bd9e68c0d13e2fcd0ea9774b
8737ad5f89,1000000,1721769ebc49d177114a28ad31496a90ba3b72e8c803aed1033483b5708739fe
3c54bc8b00,1000000,bd769ddbab7477cbb9a881c98a3a99aaf7fe2d71002681b773e7d0602f389487
3082366218,1000000,e42cda42a6a7f759640a5db6406f29b02e40bc8119b975b50957d20449a5ef52
76da9cf16f,1000000,69193294316749b2c7275658695cff7459f8db9800e5b63c1aabcdb3617f93bc
db1eaeae94,1000000,2e1d3ad0f4facc8eb91be25edbbc0d2d6866eea98c15699a2bc27ecb0b0f090a
59d39f6de7,1000000,028c62ff7b07170dc12baf40d81abd19520370902a0203c835dd542240570211
9b5f06affb,1000000,c4400fe3ab3eff02216eacb01a44faaa779a3c81448fdc556b000f14e656ce64
84629c046a,1000000,64b73cb9f344c8d52f9a119f6ab4a9ddee2f41f4a2f642af1c114ad8eb8ec6a9
01de18275e,1000000,0577938790e36c4f859a2c54ca97fcdc0d363ae4eaa35db6d634a9ea7a07ac7b
cdfadd1e47,1000000,f608d2fe7af2cc1dca2e457dc39dae571cfaa7db597389b528ef4be720bcdd5b
fa53536d19,1000000,b342a346b3ab768580fb68ff3858d6e0239415c1535600f80c32da511df93d8e
fadfe095f8,1000000,4590ddaa334ba5723425a5c6d89c6271b5ccf8e0726ee5c5db1638fa7bfedd7d
a7d544b604,1000000,76738f7dbef6a41109ce9d176f0202a9ec9dbd03a8ccbf6a6b26f55c6c2ec22a
1bc5e79585,1000000,7ac023860dfd270301c6ebfa80de9f5e45311bf8ad59a1c1914f41ea699da4d7
e4c6f8bd49,1000000,4b79f4eb9bf43381024a1ae837ca66a8d61d4d15dff96b5f4437b0d4428b39e4
9bda9d8266,1000000,b7283b336e2498ed6444fb603f4f93aa32b7e1e9e239e5b91643f5bb0cb9fb1f
fc5efacde8,1000000,79c4aacbd1900f5384a6445844c9017c0f01d271f4061a1f3a84590528b5ce01
fad5578d47,1000000,fe5635565626208e8defdf97d0402c37064b9278288af75145f0770541cc2f43
d2fc12cabe,1000000,49448a90dfa248af7df39f76d00412de7a56adfb0e2bd39e0b66c64282412c59
b34cc6dd1a,1000000,7122008b677ea142c285df24c608041bb60c7745aafa44b6bbe1e6e4d44dff49
54ee62d2e7,1000000,d6ab079f638a0671778210387f032b9ee7084fc6f7a2a9fd831036f459c7a560
566a67569e,1000000,92fd89c6f3faa7e32ed5a6151c58c161f1a45ae5b9a3a5bd5fa2e0a25c7f1580
c9f26121d8,1000000,8c1eadb6336f31dfbc2921cc33ef707badbf17944ef4d2dadeca12a999d9b5f2
86c9775941,1000000,f6f9eaa181b7c04744377f91f05babdfc7a53c431de83e790245f4733fa869b7
15d2995fc2,1000000,15e94d6296a70ac8465ba7e1218bf06edd2aadc1897d8492ca760f72f717a306
62265512a8,1000000,5d5ea1f526cf14b3feb5d659fbdfe55018fbe58091d96142f77175e4ba91fc28
359a86fc8e,1000000,1494d4670373a23f6f232ab255d17e2f2e3a3c5d9ee4efbeb7dd181808876262
fa7934669c,1000000,28544bc5ed4a1a07b2c381dc71d3275a82f45e0dfae1781a278c896d5f08f1f2
879a3165a3,1000000,b7fd573b19c149351596f1835de65f05bc97eef0ce82899684921875a1362b18
82dab6a710,1000000,2f9fdde517c99c5b155342eca5f367c133ee3040df4b22bcaba68b7f6ac50051
35bec07230,1000000,21da6a6c61022a66f32074ab1172afaf39b490da5231dfef0024b26b90e4dd1d
8d72fb684b,1000000,b1d3758b1afa9e564bbfafbff63a2651f263a1fc4fd61db96cfa82eab8a84587
e24534aa38,1000000,21b3329a0519d3fc1611d9e6a9b6c7cc9ad9800218225289f78870780bd5ffb7
bf51eadf9b,1000000,eb35b0dbf26dc2257ffdd3f629e27f94929a3fee0c35c6aa22375f7798e26e61
1eab9fefaf,1000000,3f7d0807420151846c6c697784b820864f6ac5d091e63d2b0801373266481bcc
b876a39192,1000000,ae701eb7a3b0e8a51b2cf3fa0b91f8c36379b4ae5e0d0872b9f3e3c959ee2fa9
ec28832461,1000000,44123c7cf1c06fbf895c1acaa355ee3026d9dfe396ce05fba310bd0461ed3009
cab7e14bfe,1000000,5df144ea61e4a70420abf4423fb2d628487dedc986efaf3f29da1b7e2d7b12f1
3673fcafce,1000000,868b7dfcc0fe40181901942e7aeab746f01bf7d5b8bb20eafbb63085017fb604
7dedb9649e,1000000,0d81a3d2f8972edea2eb2808ff9368624c1a98b530ac87ad6d0cc13d2c1958dc
4e0f4083f8,1000000,27f2705d928301748b987f7d7ea6bff0b46b39e228f64c88c7d441a9f37c15b4
f8b8b9d4ed,1000000,9d21473b810d7cd618e7d8085b4245866e96066efc5ddccd4c5f36de1b9a9ea1
a082de76e1,1000000,6b400cbca4f34ee768e7d9572fb306d720cbfed7629f0122facd76ed4a22a1aa
e62a074548,1000000,e81754f8450a99b9042e5daaf19f424a9cbf22dddc13f9a47248f80fb4598d61
247809f56c,1000000,087703eea172f245963e7cfa3babe68f67e40d7b3affd4bd97c128ba3c2ab35e
c81181f29e,1000000,8cbf141d8a817d6102fe3995de1c7d7cc8cfaa16e07e67582f1a7ccedaa929fb
a50114d65d,1000000,9159d9cd8b36fbc1a387a1a4f6aa65c4657cf2ac7a28fdded261f16d3f357270
c09df0e174,1000000,9389580b9666a68277184729f512b24855a1d04e724e02ea0b12c4582934f5d6
7ad5f97634,1000000,25fb60e4a5214f0f6eed661d28eb2b5b36301b90a473f8aae315cad64ff8365f
03bfc5844a,1000000,eb8be914f47049596c2bf7a9b69e17a5c0937356df19b0b93e3c7f0583c4454b
13727da235,1000000,838f41063c81218725ddb5d896393d456678adc568b4bac00995183e63267ddd
570f4b5ebd,1000000,67ab8f9ac57fd0f1754bef482d667ec7699d95d1aca88a217ac1b1def3383db7
45fce7dd24,1000000,765a9c6b6e44b7a17b23a3f565fed0e8eb7b1844d8402420f2be4cb01cb6458d
b4babd9f11,1000000,7bcad4ea2ebb0c4c361befcffefda1af3e8f9ee793c7911557e4035cab64111d
b20c2e8494,1000000,8f7203f99dd849c41dd512f63f7a95c3a76255062faf84018f4baba6d19e7dd5
5aa63e5e7b,1000000,2e33c4a59c104561829ba288461c7e3432d3507249c84d9575d6a3a3a8193b82
564dd03f3e,1000000,fcfb159e26c456bee08adac4d021ccf343bc7528419cb4f5476e3178869046e0
54e39d5382,1000000,c84ccd4ad569e1e69e8d2fb9e09f0ea5c06b4b959ca79273a5f1f5918631ba2e
b320c22140,1000000,0234feed97692d4166a2416a07cdabab4025dfadd24a5e9bfa2d776779c252d0
acb10b2630,1000000,65eeebcc63e85ac28cae1d8256af60a1c4e67a34203b2fde3decfea4c2633374
34db8f22c3,1000000,6fa8f28a9f6298b6022bcfaff11aee11d6f1e853d7ac0bfe4bfc38b813f6551d
d2f57d5c9d,1000000,1468ec8a8d3d4686afbd4864dd0fa1dbfd5af2a526d7cc0fd4f0e9b86f252807
3bca381ecf,1000000,679ad67f98e2a89c284bae887d811abb8c4fd85413fe8d25cfbd08316d9c69be
71088d1456,1000000,801ad85ad3ff7b91b6186d5339ae414196a855c8103917c178620c7652d9a4ab
fd39172664,1000000,5eeb9c6c337ce2de0dc4731b0378df41a3871b38ecd00a7a11503b2befe98b40
4179aba572,1000000,5c878ca6260927b0aab461f8bd84cf8d38bc980be05f64de831c636826088612
456e6fa137,1000000,dc528559f147055548c9464567c6a96fcefd14510d9b64f7ba178e2f563a98c8
442f6d745e,1000000,e40df92181b935ea20e1ff0ece4fe865215226ac1dc871c4afd1902da6cec4a0
3336fb488a,1000000,0508f1edc4a9feffdfca59d2c76a75dd7ecdf4fa4efc0de072745136ee201812
a51e38861e,1000000,3b2195105465a8b54e656419858f5e0e22afa71244c53b2c1b943fa94549cc14
2743afba50,1000000,8ae7e5ddc4988c6f395811259021c75d9e18df61e803a6f6e992e279edc4c59d
1e8016da85,1000000,9aedf09787ee4d522ba0d11b48cd178193b365f1c791c408d8442447f227be6a
0046abeec8,1000000,946a18195aa5aa8a69096e37586693bc21a5e9fab98b5471d123c9a1e14e3a79
d14860d357,1000000,43c9a86268e021499ffe7eef0a8cf73268c6bb9656af37c846887982d1853916
36798434cf,1000000,9a5a09b47b47a09b62388fa85cce20923f33e580e893f8786f96cc6cc57ff636
d89d3eb5a5,1000000,6c2c8c705bf22ca69c2b646f007f3e706c8754bafb11ff709498cdd53db02f01
a6be5fe57b,1000000,fdb1930623d9b520365cc0f1ac1f3b17ae92d89840123d5fce58af3a95c84918
b34eddf1bc,1000000,fbcfc592e1faf5ac3a7ce5362b24e10d6968da5d90eda477b0a4893354cc11f8
075bd44691,1000000,0aeaca8e2b646cfa61fc587fea484622b8b0b3b16659c95f2f17c892a2e6d3ee
b530734be7,1000000,48b981f40a44447c57b288a94ba800c29b01d874b1f8c8282074d0513dd3b51c
4b770a3758,1000000,c0c25dfe0cd46d1ef89cf503f18612dcc93084a86cf6539cdd26f91af04bed1e
2088d3c878,1000000,0ce21113db9dd1a909f59881299aad7baa8b936367b9784d3e460e89b8d481fc
0ecb0fdffa,1000000,60b8a38da7d9cc5d87dcb8ae1f5fc9907301ae29c6af1eb6f25ebfb865883c6b
c2218b7ea7,1000000,3873d137c17c04f3a92f13e532ab748976e7b882ddc2d16375dd73344add8f8f
53cc87c4c9,1000000,d8226ef260915aa4020dab220cf56eb06c4d3a1013d602eb838b599e0dde693d
295546e486,1000000,6f92d916dcf6831e7f2878eb50fbd913da37b7b9bf3c00a40d86755e51451491
3658751307,1000000,88db08107f397de9478f64cfb3eecc7215c02d926117233bd84016bf90534ce6
da70fa26ca,1000000,cc904a223c3cd4211d3dd9e56e3e47da533e054940bcdc327945332ff44aca7a
e815b1aa85,1000000,c03e73b6b51194c8c5fc1dc5eb2ea2cea5862c1a53f62a75086513cfa73f09e0
6c72634e0f,1000000,864cb50de5ec36d6054ee59a6d09473432b21a117f493a73b3380a67af028b5d
db784566a1,1000000,286391c68dfa5dac476d766e655915df8cf76bd405603fa38be5121c2fc7dbb7
8c6e7275fc,1000000,a27277e5c5c4fc8ce9458067250e7bc9ea746c324bec8b27bad7681ecff9f340
35e981e884,1000000,4dc6ac62caf067db721fd4f304e47c906a71070c5cfb3b78cb2e59f86eeeb13d
936a77510f,1000000,7662f80ddb3f6fe6be1516d6d216c703edfea26c6171bd9298b435626ea41b31
1b18605988,1000000,9f4b6e1f4933e5c01278226bd508d436bac626fbb7112aa77ea29313c37e9327
6fb1f725ad,1000000,315b976cdd22cc3edf0b4514f32a13e65f1ed3103cceb50346afcff938e8df8e
7164578f44,1000000,3781ddcb1dce393317a8b1d5d2c65681ebf50c74517d0bc5d829beb91d4b4e1e
2a5cb4e46f,1000000,f4025c0b5b1d0361b955d0f03bcc57c5af6dcf55abbf614b45aa82f66e14fe49
0abd5c2f46,1000000,c60c0a935edff3f29ab1e4ab1bfcc014b85390227a03780903b90be874995a74
087e39a961,1000000,eff114c30b8b584d8161a8df0062c2ded9aca15ff51c8cbcdae4908d7387ffc8
483454267a,1000000,60cce879f0ebbee2ba3208b37044ed952eb82d716d9a7e03e5acff8e0c1b8fc6
628964d93d,1000000,94e23bc4575daad262c9b8c28ec9588360bb47f5f074b15f5091892b3c8b6567
89b396731f,1000000,e53c1b8a49164e951d065fb715d2430d57762ec30755a314d75b985ac539212e
ea4f177d42,1000000,fab6bc1160ef153023072a1d00d08e6d4adf75cb85fa8cfd1d7fe4286e1526e8
d77b617a39,1000000,fc275057d4f7e9ac9bc6b447f34c6e83c82f6a28e61697a37fe253d8e4133d28
d312c7a41b,1000000,78ebfb04ba3336e34899f9ff09f1a00794ab70116981362f7c613fb3f5d5ddaf
a1e5bba85f,1000000,ef87b3e0f5f3f56d58ce4b7e1f16b6870df4a7f131f77dec3fa46b8f4ed2dbd2
131aaa36f4,1000000,dd59467b794b35867641d3b792f25e042626e73afec8d387d6adc377955f89a1
9b7035b0a2,1000000,45ef1c3d3942d3e9b8d902d4172d431b11f44983144a58be90584abd3f42adac
a16b5d4a73,1000000,9e72f32f68d3e5faeeeeff3c2a024368500efabaaff8562ecfa0ccebba88f5cf
523364456d,1000000,e45f8339e63847e964b0ecee32b495a126f3e22722d96b87e3d36882022cdd84
1a4086178f,1000000,8ca504728cf7bcff4309922737b36da5e4658a4ecb4dbd59d1ad9e3e7584e2a2
4bfc670942,1000000,e2c2494d81a9ec520e53fdee228af05c38d1871cfae6faa0e9af1282308ca431
65eb93efaa,1000000,c3820daf0a3de2a84e9355c9b9071d6b78bb2a63761b26b2d3f878f9c592c7da
f62f6478a2,1000000,2ee94d7b192d2ce38e665de8e4e143996b7435190511dda170c8a8c62851093f
c697bebc16,1000000,0d9a727d7a96973ae46a61ef31a421591e32967da36d177228df1a4223ec7367
6f0c78b768,1000000,970e9c0dbd9f55fbf7609279501a8637e57834554e21a57d0e09c3b1388f0aee
0969c3d36f,1000000,3d1841b0cc32dc3fe03127ff7a2a0f1f75f4c120d6c849483726026e8e2bf720
1a264443ac,1000000,5db7e20b832a7b4fb1a0410c1fd00a12db320ee92755ab0f7c3b436d5c2d9879
584130b411,1000000,00d9ff9ec88924c34a9add38a6ef50c5f1f64c368140e1ea11599034694be689
b7f71b1e66,1000000,b783e2167a6e60b6b2de2661bbae9c365afef7a623ed72040bd87e63cc5f1807
83a5abfbfa,1000000,591893d6cb3583539e180d30ed812e283d41f0b7c2b4c603242039487488dc85
606ad21767,1000000,89b551ca7a76c5e014b19c189631508698a8020ffa53c49b549226ad0e023347
dd066ae00a,1000000,5aea824318d5484f0d3f2616103735091cc1682fea84159b70f5955e73b1ddc2
61f7782bd5,1000000,41e352821ea6993142eda25e6266a9196a7c02f59d2ea76409a3939eb3b18d63
5011e576b0,1000000,161769ab49d2df774a44eb0033d38aedda3c093010800e88c5c974462a3344ed
706c0bec9d,1000000,7c301ae4f2407aed61c58c8bca91ff65e10746d1d9a5b9f40f77db385fb86976
3684fdae4d,1000000,cfe300ab395e254fbf100491039a64ed8657dfca8b807703d92f4fb41fb040e1
f52ea4c256,1000000,34e405d96ff197b8d915cd1f8cdb3a9f9786ad0fbfbbe486af983dc2b4a9d85b
0666507c51,1000000,71a57ebbe8a8eeddc364ad4a1d8952215ea9465d892236119b496cf5ed1c77e1
1e5fd16e6c,1000000,71f8a3ee8173450de4090726956fe8098d488892d1a9177a21166ecf840faf86
8a6223c46f,1000000,ba163483213476bd0c38727ac9a74cc170b4da8b34ad8a42a47fd4f382bc9d3f
26c0af17d5,1000000,750810e51c4a67db4c1431bf5a19fa5a3009e02977ccf2b9f25e70cbde040402
946fd124eb,1000000,71d2312c308cf1b8615b55f1e5a5f3b6b30fbdbb291da4d4b5f35a425ce93e0f
5ad4079272,1000000,51c735110a68d4f9ae2ff869db61f7690af68126c32d4863c98834b555e5e8a6
1cc9585482,1000000,08e67eb2af56f8b1ec9dc7e9a9bc4cd8e2da757d2237c2c84e5503c7b937c0e8
5cb19211fe,1000000,e2de26577607bef828a1c55ac0794e7cefe9b570c0b52ea3860a7ba6d1d8792b
c1387a98b3,1000000,8e8c427443f445090f4da7de4e7d8b92dd12740f80b75b29345fc78b9d56b6f2
0cb492d434,1000000,42dbe2c2870a26ec7799e8d66672d8d81765c437ece7c957bdeced8917100491
743138b1c2,1000000,8ffcaef4eed09abd0d6ee64ac06ef84b5408cee6ffdc5c5626b9b38b9b6f9dfa
94fb3a020b,1000000,249bf8119f7f12ffa28566c43a7285fb88a29a6539cce3be58fadcc3ffa5670b
4266c758d1,1000000,2a4195d3cb55062ac819d8f65f2ba60fc3b50977c76d6b477ac78accd21f649d
33103e0566,1000000,c515d62c5a19306a36a17471c8d3cae5bee6d0ac5894e8d527f3b4c3492691af
68e8ef1bc4,1000000,5ebea2e5ce0adeb2552a9704c2934f89a5b0de3ae9f49484a5b12f598bb042fd
594b14ffca,1000000,8687a9de1150d2412b0dd063420ab0b3858e1dc5d6a02b75eea16a42e92f8a1c
a7640b5193,1000000,b1cc5865453289cd524d8b3bb22967b1df510aa58fcc8f4b254a5af58c66ad04
92adc90a3c,1000000,fd2a23b30365436564a3c8e97e14db2938852776ca1c11f4d1f8fc8de845761b
9c4010422d,1000000,cc5803b9b209a3ef028136fabd11e39e0b97859578010e09cb05e537fbf61cef
c82e8ebfd8,1000000,af4bda1bab977feec736b39d118839e0080ae4a6e30ee1b853233cea30768b60
40654edeb7,1000000,7c6f88fe5e7d82a6184ba5a4671d318bf5827ddb84e4f808f4555b89ef1f6405
c6266d6078,1000000,8c1dbe6068d6c93f6aa66feca60db6ad5eeacfd6b94886bbd261e26376300ca6
0bb2542bf4,1000000,79d0c68af4786764351b887d00741fcd55e42069c236007b71d41790230fe12f
b1e970721f,1000000,440ba97d3b269018e2b1d159331b5b96824ec12f554c79b3d73cfa7900e670ae
b3ffc20f7b,1000000,4ae3f9e5b96aa0bda61442d2df8a8d4b5737b0dcfd101ad35578bbe6b00459b1
0eb6c55e2f,1000000,ec5caba8f501e5f50f32f64844cc9c088760ab2b653c45acbd5de7bad4790920
16a4c2a046,1000000,b06266d66d786271922322913b2af481d609776ff39ebc149ce25ac2f108a7b8
9f86bbebdd,1000000,1852c96a9554411f60f984377d39bfd0769f468aa2cf7055376c8ce3cc691af2
003b7eb6f0,1000000,e5e39db2f9c796e3b03036068f4ce099f86ae59e7151e444c3f870b6df48cf91
36e0de1ffc,1000000,0dac5828ac9585fd05e28304abab02c8d0ee672ca5154c5e8bd3c8371e75ec55
e904dcec56,1000000,d672d055d378591dbd04c9581f7efc44ddafcaa9d50dd477afdd4c1a40b3b4f7
1edfe9cd57,1000000,807128308ed50281567784851fd195f4b8a33333e143217d8dc3407b92bc1085
c764c9ef21,1000000,9c75b49491827bc035d4c4553121f1a675b81e878f5995bf33c610ae68d3dcf0
86e4d54e48,1000000,1e4d234804889c44c1ea7c3a06f67974606dc82c5f3a1453d366438378986d79
c033bc8956,1000000,4ef62d800d9e4442d118ee15ca22f1328f7bdd99d5bdb6a77c173e23f81cf681
bad977272a,1000000,d1f727d88b9a5da8577d32066b763b9153318147e195ac1e5e98b2a63de42e37
514a866ed6,1000000,c9787f9411e7aa4c5b5106cc25adac47265c167da2a0b0a5a527db2d0aa0a3e0
81e5dab3dc,1000000,8c1c427bd71ea31147ce18de678dae9fa229b27ee682f8442d40f2b1d7f378cc
231e02e638,1000000,d071c4060d9e5ea3ded683caa2b8ee4dc4aae42a52cb0d333cad490a59b8e533
45248440b2,1000000,182390eaff7a74ec497f49d8300e0c71f6046e60f4b0f0aa9d2cf9ab5446b2d6
7374074d31,1000000,ffd93f32bf8c6b784a2acb14acb3eba7207a76ad31c9cc495197096178ee61b8
dfdb8daa7a,1000000,58ab3153457ee2bee2b9c08441c5897195394ccada4864e0be1ffe29da78b9e6
1e3b28b362,1000000,7a45741c640c43f04e7104388762cda38ae334fde9ad91348d802c4e74348f56
32fca1fb01,1000000,b2b9c7a1dd57b81b8bda1541bddaacd63d740ede011f0df38cc4f1858c396247
d735429b5d,1000000,ecb858ad234934adb66b7aab8e0339b6c4ca956079bda5aa5adbb1d0452aec69
f8f2a21220,1000000,7b09c6fe7879fda1d6e92ac0a32484f213de85b19ae5fb84ce40a0558b5c68d5
c4ef5c8c0e,1000000,9a141d7dd1b8be1f076114c446869e6fc5e108aabf9cb277d569acae36c48135
9536aa368c,1000000,f9acfe52fe15c6779508fd57bbc6963f6c64ebaf939793ad764cd1e61ebd00ed
14fd908dc0,1000000,575ad35bc10c05c53b8454a8b0a42be9c86ddbb313eb08a03efc1dda6ea6c940
02e60417e2,1000000,42b69b55ef0a22e9e2364b1a12c4a4e5449f72d03684386253ec15ae33c50a58
5a29fcc525,1000000,eb5734795bdd94e6cf2d12bb85ef28abdf339e09b9b50b2f83628ce88c628efd
c9b38c4b2a,1000000,dfbf0bfcb0bda05426bc0881536b32bb659e31c471c3bb5e40d6f8e431e27375
899d0bda51,1000000,230d2f60a0e4bc402335c423f57c5428d329e84050ec6be184a6de46387151ab
a1f0fcfbd2,1000000,b255c8abc70664555b667f4abd58b9a1fb302c788cb2f0f9ea1e932ad7b62ff1
d0cb613183,1000000,4c595495c98ff9c6c2070a07f97f65bf75dd974bec181f6383b26fedfec51a19
aa8a08b192,1000000,62dabcfe8015fd3d9181d701cca3f96c7f7ae118d2f94d29cd5b865d6da4fc65
e73986962a,1000000,683f3a1126f4ff69cfe836bb53723db1863c45b387e15ef0d2f0682e436bd9b3
20fdbdca8c,1000000,6831e1302a8aaf8c2d2bdd943b60233a85ea0c08311c0eee4ae6f09a7f65a870
9145dc4bc8,1000000,3847f942855bea099abead6fcffa4c78840fdd818805799ae28302d9ce2719bd
07485e470b,1000000,aaf82817357e2f6ea06747fd23ad547ed71e4d5419eb9f7f2eb690556b7801ec
8379d82716,1000000,14561fc9124a87e30746758122cc39f400194c48704ff624903ba028437de760
cca7bec748,1000000,bc9dc9db87e68f38c6c02ea5b0472e248ce3e28498db8880e9aff40e9d39c774
283e79188b,1000000,d1b7b0d404c47af0c4fb85633c02093d9096777ca2a14e2f5b6dcddd0637d166
ed53ceeac0,1000000,700ae631aba74a9dfbcc5140f00f5a80b292fe0dda0420d2855a1cfeb97d7c76
62eeedc2bf,1000000,124f4d80dd4b246c94bff8df251cd9771b49a7439f7685b55c9e2a4cdf8ea2bc
1de7bbedfb,1000000,d228af2ab8d848cb2ea1cfdc20d935b452c35f055332106777ab0e5f9d5e522e
34518516b2,1000000,aef3f40b9b002448d50e485304400ce104f56ac7421452f8186070eb8f2016de
355e3f4671,1000000,7f32af11425ebde6625c883d24e473a45378fd1509779452d0b8a4f5a10ff3bd
5e64113c25,1000000,9e7deea26172575ef19aea50ab33f5df648fac2596ee3bff8240f3e97c54f00e
1efa1c3107,1000000,09806e9c6b0eb2e73b504f103a2e9434d140c0b6b127a9be73ceffee8ea6187b
6b9ed50092,1000000,abb8e084595f78a2e98eaf17d56bf6b75a88d2489da7eba836b63002dc802f31
f2eb307fd2,1000000,dc03048dc3f310ccc91f7c5b633b7f2653999b06e01c5369a30622c753a06184
e344ec1090,1000000,cd26d35f448f2a62b57ec2ecbb993fb2b0a38855e2c31bf0afd1dfde153de207
a294b0c453,1000000,f3588de813eb4e0cec1141e1cf206d241893ac0d8bfa737574c2bed97429495e
56e2b8e0df,1000000,b831325fdbe6ffd8c2c803c9e6f43ab26c68cbb7dfd5f1083990da0928de6ceb
a16d5d2fe7,1000000,4320a6e32be88d5ddbeabf7f4ba3e3f940ceedbede660df548856dc3c3e0e518
9be625fe03,1000000,6ba317f90b32aa159a102769a14da9d8f978435ca445a523b8356afd74b0a6da
8e542ef233,1000000,43ca5c03852dbdc8859e1edae9fa3d8b29233bad3c15bfcc8bb12cc1cb5e83e0
1451972b29,1000000,620445f242f69dc49e3a0a7239e293f348911e27d29d4de52d44d325864b2808
54daca62e7,1000000,ffa625086b0937ca71730d5a3975b75e08e6f5767cc5c2a7e14a577fcae09c0b
f06a243276,1000000,b83339a9a47e42aeb69bd05c27200b49521b71d1cc5b15c0f374837fd3508442
5ede500942,1000000,f5aecda57a202a56e00980238bc13666cdddf3442a650b8978b8fc5721bc2889
68c2470971,1000000,a15a96f35a54b70cefc1666f5bda8fe13b1721ce765a2c0002dd7bc9f5fdbe14
1df1d1e69b,1000000,b11fb0f5222495c0d619c4141d48cab1b673ebf88377333d95999a513024e3f0
1468441da6,1000000,e671a80a3fb73317a18320a6607908c05af2e688df2fcf800e4e9a1b3de7a7e4
6c19e08360,1000000,528f5913e0389e4ee6e075e860298d6e8cde1f077b5e04ed59327570441479f7
9c46bb1592,1000000,ce716b53a20ab18c3d903a535882d9c0067f2d4f7c6ac0efb525b32bceef36a5
580188e4bb,1000000,e9506fd201ab4efd6bd77d8ed931c4a72c284bae01d45f3d0a57edf59ccd2e8b
b6dea1ac62,1000000,9bdf92310a942598cb32ab40de4bd083e4948631fed9809d1c7d86a0bb248b41
962ab6de18,1000000,310fecb6cb894c7f43ef41f32029d218a867bc31e812d3caf571797613e154c5
83f8396869,1000000,131fcfb82427e3919c5b83390532a5037fafd2ea1238b85b636e314b4ed5323a
1a330aa091,1000000,9b4583729f8bba8d4be6b6c043dce2a131b7fe1474d9e7abb5e664eda4c118a8
5cb9b8b66d,1000000,a3ddb1b93d8f18bf287e07976b71b72a98f008126b45f5bf6c9b5b7b0c0c28dd
5344f466af,1000000,6e03a12cae87c5458dd07de298edf9673e4da5db6ae090afbf70deda55eeaed8
d512bec3e8,1000000,fcf36f6c3f09c3ce4b43e5fd171ee4d189880e40aac26d1acf1d987ed710e134
8766a34375,1000000,f8616c197050fe9703cdefefdd0103ccf1b5a41923f83b6cd6f21013f6cc94c0
09bb276c85,1000000,67743d3ce7093dbcfaacfaacf777619394ba3170b94098773c9bab2916142a0f
91db4c9176,1000000,cd547eb9ae7634b0058457603f899c379f630ff511bbeba06d606e4ae02d748f
ce4e4d601f,1000000,ecd5950ee626272398e6fcb773bab78bef37724f8edf944525e8b319d1bd2504
f83151aa8f,1000000,0e49bba9deefcc1711cf9972be6ce3754a4a262ebf28cd642527f17309e43c6e
7dc32129da,1000000,1dd2f38eaa26e32e4ab2cbe53800a244d711c53b259f686bb94a844587e93c2c
09e0466fb8,1000000,04fee6505456066e3f87e339f549164a49ab270cf7523de6a17e3b61fc8ab4d6
e1f5c631c2,1000000,9599582e3b36a428fce9b6ff4591d9038f897df4d2a1bc49fc3d6929549ddfed
56e5293c7c,1000000,85197f277e65ae5d7e39b4cc0bf7ef1f70a492bd93bcdf0140ffb56dd001b9e7
c285a42673,1000000,a53844c88c0990e9a8bff9d731052adcd2bf0f2dad81189523a4726412d1a54f
f9a94486bb,1000000,cc93c7e10ed2354cfb7ac4af8e434127c7f641b8b8ec2d2940c504ccda9337b7
f3d1256056,1000000,b27c2eea9615ffefcbf4c3e73cb327390c85b64e78576fda4f375d25e614fce4
5d3286226b,1000000,839cf61ec2685b2fcf20ff9b543f26882897f9cc8758b56769e3b83aea0e2e7f
eef00598c0,1000000,8aea963ad36e10651f6d65a8127ff27888b8dffa49d47c8de954b8ac2e3633e8
32cf986656,10000,f2358b619ee070f2e92761f4a086b8298d703c55976871d7539e1d91dd52ab62
b7a7e363af,10000,7693002cbadeef3540458030667348838e83713c8a28ab9240a8c9bdeb3bcd22
a471b15a12,10000,7c7e2fa00dadfa474573197402e65d947b19aa6898c256fadcb6f446681011df
c0a339baee,10000,1551c3a7597e6ba1048a31730a42d3f89e4d1673c16890b0daab8e8386d4c231
f8ab16be35,10000,4da8f7fce3740a3863e469ef68b44276238c20691aed7fd427fcac3eae12abc9
992ab462b5,10000,db7aa354e547d19909670fe9e6d6b16a0512a8ca61f20b6df97b2da23ca36ed1
7947c5707e,10000,0446ecf87757a06802e8f3bc74fcfefc349f6d14952460167dc3f53e62be087d
a9980dfdff,10000,6c11d941a8bcc43cdd15dda917c1494b1d186439f2175cac35e7131d4e6d144f
fd414fcf00,10000,140aea0e360412a6ce01c8c1c72054110d2dd976d7ab858b747232679e15ed48
c5510731d4,10000,4c39ca81bd87456cb860adc625c5aa24f8c35a74ab2d4f394d4eb458afe50118
c23205dc08,10000,a1516ffc620e5794d2cf9b217c9ef1fe4deadce55dfdedb0711f2724136e1a59
969d1ac446,10000,e80beedc5cb9dcc665c8a542a33b89b586e827c575649b0c46257957da8b487f
47b356c678,10000,9544c640d6222471452ce3d66034d43e6ae3291c806064f1524a152c5a884e2a
37293ee0d6,10000,f16d5999fefd364d84eb13de7944d178684c96d1eeb21f13221e00bff99a0028
e4220afdbb,10000,bbc752170cb09ba5238c23e902cd596c2cb7b088c2cbd9dabae7b2215af7a21e
e305b4a72b,10000,51732cbefca9281ef10b1c6f4425e84ed3566da733f01bd4a365be84f8336f34
66c121e24e,10000,c911b24a465ce21fcb529cf9ae53e806f4f1f25b1b1484c284d70c0725829200
95d7acecd1,10000,77d01895646a56285f587a0199b94ed89aaf890b04e89710f28abd8c8880a1f7
fe0343ca6a,10000,4eea21de46eb6e251d6894958ab1f977fc4de2ff84af9280d056ead031481734
eff87eecd4,10000,cfb208c23300ba3cf541c1bb7484954e0fadcf27d95dc6f18441a9299a254adb
1cf27b9a08,10000,645ac17f38badc555c60921fd1ed073343ffbe325a3969a44c19358f8dbf3ecb
d4ef0b2ecd,10000,58aa80823f7af2b48a5197ef504adcf56e1a24f9c5f2443c2631a84b18ce023b
c002371b89,10000,fdd06d6a3733d91f3506dab2e14eba725f3ddcc6be3b75b903eea83c007b38c1
f3b53f4745,10000,902cf8541f95b56a37e6948a72d67f81711da4425a548f0cee5c67acbf0900ca
52a1c96ae5,10000,cf214ffa3d9b7a7ffffd893685bbb115513bea15864c01c90655b9427354183a
15561e3eb3,10000,bff65667ca9c8c4cd7f68979bb66bed46d3a92e721e166eb009b3531e7e76489
4c710abcd5,10000,7e933976cb2f9d867693a381d1538f929ceb961187361dc4b40d4826cd2b4a76
f9ad7c5c12,10000,b9907f683fcdf38b90c8da49719a943abb64b992a77c030f03bbfba139327304
fb31939db7,10000,621d8cbed6a744516a70cd881d7341e34fc89fb31fce06c789ef9a2278cacbe6
d110d4caa8,10000,6f88bf6f643076082c81ae58df3763b9ac097be52d4dd37bf526ae194fa003e0
8fa18c7a4c,10000,2ba59696c47fe4a366e4f2701da8b2f105400fcf8cd938ab938c7d2a5f56188a
d29379ac11,10000,82308ded8e953e498754ff9e7b60e005f75923505e06a563349981b27a3b9572
4712ae450a,10000,a4062bb02a24db895dba08ca34a34a3076e3d4eddf6538578e6d21e861d76b1d
c0ef4b9c9b,10000,c11d2b995b76290681ca435188b770c65b81531766e2dcca6c8b5bc9d0b04606
f6e3ed331f,10000,6e537425579788551e8d922828e13b4d37fdb77951f22fb603a888deae518472
c8ad893aa3,10000,71f8174fb8a1d64d3e60f34c0613e18191f4db75f2a914a32dc8fdbe90135578
b188290b87,10000,11b5d5fd2ac67c67c232fc7292692bdc811fcd4a782fd7fe9804c2cf964f23ce
12e1f99f43,10000,c93349ba01dad02eed0461823cdb12bf628c925af607cfd9c48cc352e5d170ea
364cc83c88,10000,f8ee49856603b394ffcdfde7740deab2a1146e1679d0bab3ece1cae2d5cf307c
4f6593d86e,10000,4cf11e1493541d0d8a0da940ce6f0d742f24e8d8a35d0be087bc4c243f22e602
f36ac3a4cc,10000,35a0ea429de8e9d10b888469e4c5e93d6ea3281db32981762411931d4ea4dc65
f0ecb15404,10000,9a9a276993d7b937af9fdf7c9f70bf2e223b7d03dfa841583139e20ebe9faf4e
0110a00035,10000,136e785d25ddbeb6dcc841e474d06fb228fa5ea3d8347de55b9c2fa41d372a04
f3e9ecd5ef,10000,f25f3161b1311f98b17cb5a66ec44c8a8c9f591f47abbd9c5c98af433fdd3def
2555c2cd81,10000,80afb1c44c49bf7ba907179c4081afa9e3ded3b95ea141d3f7b54cec515b7c60
cbf0016e13,10000,375547ef13163c62a4908541706133dbeeba1c4cfd2d661f3477cb2ef60d7dcc
20464e7faa,10000,5cc6d555cddf6e85c44cc7de496ddf18a5a1d0e304f88dc287f66ebd212a19b1
9cefa4c044,10000,8c7208579b7a8182264a4f232a51af2cfe9617dccc760f61b2a47b10b58d0108
56e75b6c9b,10000,e868ade12e96904aa813616209704972e57354a350c1469701008caecee1ace1
85de37e45d,10000,6a25d05870554bab21fb0e5534c8a88a59937ab9877d42426ae7072bdcba2181
7bb18802bb,10000,5a101b808760622ecc16215871598acd11bf04ac026a26104663ccd7e83ea3e4
c9edc65816,10000,1cb9ce260a42bdf8c91ced2503f8c93006a5b97a4adb6f5db88e20b20c4db26f
0908fc27a7,10000,8cccd1ee5d333d244c94e8f23c4bff26645acec68ea60e10041cdf0749d380bd
e5e9b0408b,10000,9aae2c2f9fd3cd7c85b8b7b7e78475ae8607a76d6959063e77696adab258c884
e56bcd58fc,10000,7958e7d78d982bea00a3f9b98b964f75324d7cd6072eb7030efdbca09fe0f1f1
52dd18f416,10000,553c8647d6443b533278af7ae51e12d5c13a9596a5a9f82cebb41657f6414477
55e68ad567,10000,181b9a74c21d29036ba8591873e8529c0aa4913afc60a2db00fa68a20914c939
2b098b5791,10000,6a543ed8145bb8c6d2f99f3ffaed2b022198376b2da2f756d010d2bc1dffb6f9
6d8cc0ea61,10000,473c6e598d3da478d9e4de6e533831ba88e3182e23cd13fe26bee51d408f074f
f3b34dd76d,10000,21df47828d1a8ca13dd23a2b47940c984d7976d977d774c80f9ee3f1cf0c6048
58a91b9064,10000,3b533d395f80af15e0e525fb87de3bed17efcb08ebf2d84ad0734c980a7bdd53
9cc1301601,10000,5c55d2604c06916872cd131edd85066e90390da6a5f286f7391e8a91af7278bb
e4df000c9e,10000,f9e315599314a13683e7c1d0c83d9697e3b3574b17cc5a662e317dea4f4d291b
431f769f3f,10000,9a921c271e801723310889501b5468e6860017e1ca56baf71dd353e7ee95b073
d04b639e4d,10000,8bdc8c42e68cc9ac180e42f16b1127fc84a611e77f183967658f819d2d0ebb62
12afd18aa9,10000,586af08d0c6e57e74d61008ae47a921594e738c12daf696649e097f1591e2b5d
af58ea960a,10000,38afb84231b0e3199450db350cb365198bd176a070ad28a627691b217f87138d
bf7badbe0a,10000,69f24ded390296acec2ba4e0fe45ee8524bb103af52884cbae746f26a2d1aa09
65b2b7b5df,10000,1fce95d96a967ab34ec696bd97778e37aa0e564b9d28dc02d07be564f1727244
5f70deff0f,10000,ef09f39761ba1ef65ceefb504c6d294ff2a857b5b590a89d57787eda773482b0
1a18342114,10000,fd79479e73d80864204b246e3628757b82f6e13f96e27d9aad36c11c348812d9
939d68db36,10000,b9f4ed0b7e4db7830d20288eede4b2764798d2d4d2ea15295bbf316d18adc96f
2cca74330d,10000,ede47588561d15b969c356f2b3f79b26c989231da7016a982a84de885fe46d7f
798da74dec,10000,fde52f58146bb0819067f9f47091b158d9c5fa75748aadbc28a29e238d6c0bda
9432b82ab6,10000,afd080038e1a85388df18ebd404743def2271a788e9eb685714760a0bb350950
2055f985a7,10000,4acda5e41bc5fdc4e27673a8d3c4ca58bfccaafbc73841539e91b19095de70fe
84892e6553,10000,338cc8d3e48364e1145aa64ed5b181c90b95f51a2cea1dce59c2ebdc1f80b77d
5b3a5a1721,10000,af938a5bea8af96d253fff26caf92cb2c7f6bdaca26b522430f2387e64aaa46a
7aaa49e0c3,10000,fb08940538cf4cb69043b15389b15b4630fc8f40fcf48969d3772acf7040e210
56ce684a1b,10000,3b9358773eb1fef7961727ef57bcab6ccd146c13ffa0d01a056a0447fea3c3e8
92e0f38e69,10000,2daecff60c797d53b951be023e1abc9762bb9dff96da1c9a2cd663b8786f8a05
d9a18e30e0,10000,0699dbf19d4bae9149f9c33ff8b503f43ac92437578d3f959445e6f725f16970
a102ffe785,10000,ba0bf883ee6dcd567a57e894848af5a0b1c15a84c13690cd0aa1e567b6179f07
7ee94d9e6a,10000,b68a5175eb5cf2375d983e2862a95ab90133f948e41114d593774588bb45085e
9054ba970c,10000,674993f8a2d962cf80306ed716093e083351d7bc2de0696cdf0c855baf01eb0e
24e0f06d1c,10000,6b79e412c45df9d7fa531dda8d7fe14c0d96c4dd07fa7ca3c082d9db89e2f037
bf10ac3cf6,10000,8909bb250424e8b53f94b80e0957d064332a3afd931636a0ec8d7a056c7a3e17
a79e00514a,10000,7c70eab05a86cc19ac73ccb3f77504113a34ec44655919e07341d89bf50c223c
d7087af3e4,10000,eaec46db2cdcf17674d45cc564cfa0512ba57ea0fb0336011f6056d6df729741
584391170e,10000,5f693cd8237e62d7bd16a48bb8cc0a84bbf4b21ee06bcb5c7968a9308bd7c755
8bf12d460a,10000,bd21c88ff02751ce3b67a0e5ab17906c02067944bf5810f6c8ba75ea38f8bef4
c201509cbf,10000,1e6965f8c92bf684467ebb024ff4b9df0cf5099729d6af653c795bd2ab4bd624
d407c22bce,10000,3fecea0fc561499010fcaef61d28eecce632c180092a0f7c188ee8808e089fc1
e4f392e3ce,10000,84e48ffb39f62c257462b24cde888152fa8329ee1219ecc62839fb05a4d9d3cd
d58e385c1d,10000,18e4c6578f33843c6037d2dfe767660e922641d662733f86f3f4642a7bf83280
998eb532f8,10000,aa604087cb7674eefd62bff7c895e3dabb883bc18e4396a4a2bbb14f44d6998b
924c60a269,10000,32b256f756a04f0a3f8ba23a7619977f6809e082a2b25eaa3de7048a8025fe78
6044ec5624,10000,22bb94dcc0cdee7dea2aa798a21c8e37f24047e912df720df6e2020d3251a8a8
06d8789d53,10000,e90065bf4c3d93944e09ebb0966362c3cff7a19326ba118f7bd3c5fdb66e3711
9368317d23,10000,a7161c445b4cf227ccc4431a4089ae2a109e238d483c61959e14fefc07de20ef
9c0509fb83,10000,964404cf74806665d8b50ad1263e73e6e576f2024e02338a2f961d6fb5eccc4b
a6b483df6c,10000,6eb9913f27d7824387449f2816c65bd0a030b4a97457173bc648559595be073e
0106f3b6e4,10000,0b0bbcf353d5f1d98bbb50e30b7a4e31a472e099d04a3e2e855afec92ed8bd33
3d599916b1,10000,9e1e188e9e6de6d89280ac155419c6038ff03695630f697ea8f49fc01c9e3d48
41e94f6977,10000,ff15eb333002fe3c3082c1e7ff24efe4a19477fbb4293f1820336eaf20572550
23087c311c,10000,46a414dfa355c373494019880ac1f5148a1db4838162e763e26dc75758e56eb5
310366df1b,10000,05e48b3fad5eee1b5db20a26174ec48f0204ad66ba8709b4fc5c2a82ebfd0593
89d40a061e,10000,aabcca1711c32ad057f5a179951c123dd69040ff04299cf1ae2495f15252a9a8
9532eea68f,10000,4fa12f99a7c2c2bf47c2fc4c3baf8f5aad96666d95278df95941ec2a6c70df6e
538023a76e,10000,2aff8bcf13675f3cbe62f5f0d4dfa4d5ca2296ce22d6a4452018dfc2340a856c
baacf2d610,10000,5563ebcfa501525bbcb2556094af934e5242d87f97cce8baaaf935ee982c94b1
1d39a08d68,10000,8cd4affb877b3e180f4de0b7df7b7b2852b29eea6b418a78ada4b586781fd0ec
7219f8a540,10000,ec8f7efae27251083b897b28c6e25a09976e1ccde6dc3659252bee82a44bb35c
daa6a9c1b7,10000,dd63cb332362de4dd73c2f2834a283531a733b145d5f08b3b036626c20c09468
2a149c9cb6,10000,5116463a258114423b058b554b3caee4a940ef2df7267388f7e117691e82338d
921684f9de,10000,be7631e23052587ba53f0ddc7108da51252c94db57a578d8d0a6640f4e8dde9b
881a4ea047,10000,9ede227d316c733e2f002e5d769665e3415b862e1fb133ec23619ed7963af32c
6e7e2f7db3,10000,4fb72a78cdd53590cf432faf1aca2db871ae0b18dd4255e996b33b55ff939a01
de74db609a,10000,7da66b1ec87519eaeffd9d0c754b9a12c9972c1f958e19a7a27c9d48b6737056
3145a0edee,10000,f779ed0506d48148af3f837a2c18299fabb4fe78fe526ed70210eb5496e75d8b
21cb1df07e,10000,504f0e0fd07415f77f0c4a863f3c3c4b463a556c775dd54aa07cc45855456060
fe09a9dab1,10000,539ff3c5e618a8fa4e7acef4505b7ba90831e916a3d1753ef130334809c11007
8ee711daa6,10000,753a96c5affa265fe8f229d6b1c7fae4a534b8e46e0a7e0c1014feb4de9cfe14
366cdb5b36,10000,e85322a733cf657d7bb73545c7b63b4af8260dcae61dc5b73f718bb83809f35c
119e13d7da,10000,a08ef4f586d4fefd44247ea72bb30f916d78adc4db76decbbe2b7d9822f7a9fe
99a6400977,10000,e323a42ca20d8f1885c75d64d6944cfed6f3b330e3dfb356cb9a5d619af3d09b
0f89bf244f,10000,a09a4ca382b9a0ea54d522346268cc3c24763bd0d27a4a9fdceb9e1cb09ea3bb
0e5bdb9420,10000,d1d95a0fcb6f8ce8eae2b70c6464ae74330a9ce4fcdb5ee13106fa08bf29f5d1
c5e6f31798,10000,afbdadddb89bdca46af9d482564ac4cb55b7e9498f09e016f943bddf07f36b68
5110673064,10000,a3228bbaa1e66e6ea440509151dd4dcaacb6bfd8d3fbf9e37c584a0cc3f26173
a2248981ff,10000,9f9d6dc62c1d8ea646f8b8e2330ef8f878de05b887a1481b05b07050e1f65c3a
5bbb4b1b01,10000,454b4de0ee07ad083215345bd3381a4302a5c40b7aa3d5d6268fe2b3fb8d704e
13f4a95e73,10000,6f73ea24dd5d351e90c11a7a9b3c782ff8989feed7e31649437572d5ac044c9d
8f5f12e57b,10000,48c804e2db18b2b0ced4a9473905c484627d2d30896b236aa0fbc836de560271
89f578be40,10000,7f23b655a78ad94668246858a668a4f801021feaf0ba6535c3256163065ed0b3
b588033726,10000,8c4e04c3e9c31b3aa7ab821e9c38b60c1a597225669415f82ecd16eeff089f14
0ac0f07ccc,10000,9561fd5d2298f218a1b31cfb97362e646fa71819788dbeb1d0c3fd17ecb7e10b
0a5324f99a,10000,ec0cd170b06ad4c8d01359f714f35294658e7234f11221a98756082bf6cef2cc
2e278df17e,10000,686b36f8d0b83b6eb764f22c64a291436f95d9cf8288970a1e330582e23ba155
fdde400341,10000,421965671ed25f224b62dd0b0cf215f86416d12b1ca7d7d1c8b38b4eeadf6afa
6d9ad2959a,10000,b13c5e217a7a79c2877caa9ac17e024bebb714a02c2371203976ac23b942f321
21132775c5,10000,69835009c4903086d35f7ab573523705af09835bdbbb88d35147f7a958d4556f
b2b78b4917,10000,e569b01f75a49b91161aa78f3dd49a879ab40c66d4e43b284854f574939bffa4
96e2d170c8,10000,430f40761097aa6da7f3d738d9c9fe5c6d1e3254c82bb09f196e67eba1367df9
32b184cc7f,10000,9aa5a71f8832c7610ec5b32c4aea4d18c823156b2417b0426f180d85ae2ee8aa
2db50316ac,10000,a9f899c8e51d7f008af1c162183ab6f723e08a5b81b2b4ecd7beb2e7e772c462
9a87e517d9,10000,36a17e8863a1d835032575990b82245c60e21fab8f526fb8377e484ba04d887a
707163d9ba,10000,1ef106d75ec0540f114ebcadd779ca65fdd93f4be8d993ee32dfb14f3701a03a
4e24af75a9,10000,a484018f3ce989aa5dcd2a2f463fc84cf846aab66a646fb7c57d05fbe5745527
5783b0e82b,10000,575f1df229ed702a9155eaf650353f26e7829322e86874c27e4d701435ca988f
03be872230,10000,ab4f3913b2110e2cac3de57d40db9cf064936d212f361d3588e0c4b89e04b81e
2015495c56,10000,a40145a09c4efa3cbad44dea235732621773a389701e55299931ccad6e5c9086
8dc3489739,10000,cada1d0c0299f0770eaaedb994574f8a46e15c92b07d36139db599b48e54ab65
e7dabb603c,10000,c67a6d6512b87f00a38152a8791a96e244dbbad0ccacd33ec87ab9da302e328c
0e9b91ee1a,10000,bbc0d9d9d60f0fea0fd0a36d3eb6c6a1627fadb1ad0c6a08ff4677a97d196725
76089843fe,10000,58663fb92c2adc77f538f1894503e06ae8f4d84228eefdab3fafc84c9a2e442c
c8fb1fee14,10000,03b845cfd6e30132552eff4b34a797295979816f9c3b9d5dca5f5fbd8843eb37
6e7562ebac,10000,1b28698f159b79dae475e74196858bc80545e8969ba69f02941a88135e30ba98
647933a9e2,10000,fab7e876e33a861490af6bb01650a22edbcee75a0ee7e3caa8ff52f8bd72ae6f
e2ae44a842,10000,355b5451dd1774a0a9a9a61d4d2aff9e514821faf7372919dfde0d77317d0b0a
9307e7d524,10000,153336c50907fd29a003f741c4e998fcc12e639cd6da4995838c88e382f98c8b
4010cf2a74,10000,52650e2ceb0ddd9004fdd39b265f90c59f5c93fc24e5535fd1ded15600b8c136
55eea67334,10000,c00854395b36446985e15fd3fecd887703ff00727b6b3cd44c7b25b819832e8d
3f052235e6,10000,a07aaaf06c3878049e88ae9414bcf5cc1feea6e684316abee122caa22c6cd51d
9f7cf60e7c,10000,2997a9a22a6bce481f1271b187af001432fb47639e215701f97bee2a97e0104a
f4c5050b8c,10000,2c137d99ee1104a073a846e85af8356fc535a8dad491cb03dc889e2544028081
b1fb58efce,10000,0190e9b0d335b2b76ad52a1410cd919c96fc4d8c6c9944092570845f12f0ea27
f9a7a53fb8,10000,89f55e8011b559c66e0f88a6c440fa8e5ea81b0651e8b0ffe8522b113c9c5a21
e3882aa541,10000,072199ec3b73d211a3bd2b73e2925e6a6b237e7a70df31c73d4c97eb7351f4d4
019df400c2,10000,3178fda617c034ba5e673a28e98f754fcf9b79a5204057789650e748c0078b47
bee5c89981,10000,95ed77e1228572936753d57a696f2756b9f7b783014d3f225428da8683c8c3ce
ec5b08379e,10000,d4a1b32b81acda2655de0b6b0b1d337666caba8750c50e199afd8a563464ebfc
034e86f7b9,10000,1cdc34675ae90b18b5cefa1bee33de8de8e83279de4db6583a154eee55b3a0ba
ecb64f98a5,10000,ec25ded7163438b599b7ca53107e877dc9aab480eb30212a8cf7f628a2850d9e
797fe7c548,10000,ecbca683eda14121756b379a17cca01e6ae4bffdb1b48b9ba084275048b02a15
d59e6771e5,10000,d8daf816fd69ebe01275dd93821aaafc9fcf8fed9a6e7410b2d5c9ee08a1d617
c612c5be88,10000,b562521b162d95d14cf0fdf53950b35b3148bf5d0e236d4dba5aa9eb910602a0
565f249a5c,10000,dd6411fb8184a02e6b63261fc813b2587dba23280067824e60317a3bf7aee2a7
47b1ba5417,10000,16da8b1316ab2d1f65fb3bf340ffa6eb4f06a3bd3f581b8514c7e8bcd6ae94eb
0397bdb0db,10000,262d430c674583a42feac889d0e45cd0d29b4d3e46eab008ae1004acea72c6d4
fde27e5fbe,10000,2d210f2cc84562615d7685a38ce52134cea2ec0d74b01bcf7994dbad589d551e
f1dcd52134,10000,ad36805713498e3c9c81f1ed149e0bd86b341f546fb2f250f472f74cf39bf749
2fbefc25c0,10000,36dd654355ac51090c6bf2745feeb8eab1aa842b70fba36d290f437e0377b34a
5b2a777acd,10000,ce9ba3394c670c083405ca0c59250e89ef69f92d21a26dfc6ad3765da6be0503
db1d1972d6,10000,a6e1937dd0e3d2e3c3b9934abdc0e864017b3121bf421accd65160be779e117a
a691900fcb,10000,084c2ee0969a82184b12dba677aebc14138c9cded0419a55534aa79a9870359e
2ac93cdce0,10000,92a97b20ad3546efd65230461a7c9e77599688883af47c36c96d108092e7734a
a88b924a9d,10000,23892f234bb8ee90312432815d5d741d3083de4410ffac457263ee5c3dbb3883
3c697b1d4f,10000,66b04d93fd5d1aaf56cf0cad4e48509c45e6c3894ceec8b42ddfc3434e056d7c
530c325176,10000,ea08f5e007b28f45e5743a7b5e39242160ab44641c399c8acd129d891597649f
00369ae93d,10000,5169939d97f9a96df7f5f8cfee088ff34a7f173005d3501a887b84c404a8d129
f857b69caf,10000,81b914b2aef7cedb468c11fb8201b895234448d48405f005f8d4c156a1b599bf
b880bbc6a5,10000,b7e2cc602685c4bb4551377da060563cb2cdca7badd4c45a309d9d4305e84eb5
c4272fb356,10000,16ccbff77ab1ab2bc9bde02c9d62156a9881fbde413aa78b9ce4d76c3bc13b5b
eaf1815411,10000,79fab99f2d68292dcec97b004a25fad88ce20e14b966e03defd409f78a004f7b
6f7897af84,10000,cf73e593b70f18e058eaedf57c6189c1b6bdc8c53228c34f2475eb2780305827
427b8bb132,10000,84f774dd2b0a2389d26881503a2eb63715c8525b8be3d2b60c5cc54897c874b8
77accf9df9,10000,7fdf92571c61052b2364248021009ec8576fc4f2ccec464a9d71e406de9adf75
5ad3b7bae4,10000,67d0f41baa7e24fe173977491233ad7991719aba0db141d8e77a5a9c7ba30566
3de4e24572,10000,7ed9527b39d47928ba726b27eb85b0b480a0b38e1bc3e55e9bb0d99533a68eff
85f9c7899d,10000,31c2734a6b5a8dd9520e213854263debd51a225285ff2787ad28ab786c06652d
5f8471e735,10000,56ac6388a36a926537a3e93c6317c46370ed46a9f83b6e68d067eeb00d64971e
e56f189b4b,10000,5ee7348709635a590bf9c78bb3a613ed40b5aeb3c2dbf93bcc2aa14c5137fd7c
81eef0d1d3,10000,51ba8470e5bd384502fe0949a2f0f8469d11e8162a11a715da1d74eca63b98a6
c3782090dd,10000,2c8eca6e427d684a3fcebccaa205697ed4b31e62e1301c03c40e11836691ba75
d49699f44e,10000,f4687074f8d310c7e0ee7aa42f9a82d09c2670e41f68a314c0fdc2e5b7533db5
846e164b34,10000,195acb84461e540dcf90e7ba985bde6a3d40d5d4778c7c84f258328e0640a2f7
2faf33d3b0,10000,385ca093e6993305d26512aab1d149a7fe9a52f9964391674fef218e0a616bc9
43b9dcfb90,10000,e4b4f8c3c4dc8acfcf8adfbc1eed6525ded3d3291c61db938914d9d761a0e676
e4fa7be701,10000,bc123419b5d795736fa32ea42c54000b7c6e14ec66159815dcc545a5464f91ca
ca13e7323a,10000,8540e2012930d6a9dec5d3d7b9fe8bff383aaaadee14f209779631657c690095
a687c49406,10000,434d4c7a53a2d6da689f54fec50c4517d3e64ab1cacdcce429da3e5601fe5335
5f78e756e4,10000,1ee3e906eac923fcc4254b5e8e902b70f5a8b215bcbbd53ab96827a3dacaf6c1
44aa3eef84,10000,91ca59e5054f12dee352581efcd30ea18719dd9da8d8848e3e90ef3321499b98
0a7bd60b50,10000,ad3ba70a440879b6532f4b74c11abcbefa9805e3d47b859f0a867d128db9f77f
8aa3f8d686,10000,e76aac99c7e4afac25f684240652e877c54b1ca76f7774de54e264477366b42f
c2797c5bc5,10000,0d9442057753af864e59237c3fb016d85b0bcb170a7c6a0047c6f8badfb14c08
71afb673ea,10000,aec8ef62502aa482fe2cd7eb2a1dcde9e1143edabbdd1bddaa7b9a16dea050a1
908454d67c,10000,27c4bd397658036bb210d66bc687a71dfeec8dd7be1f32c32638647f0b708077
3c87aafe1c,10000,664d3655fcc4a9c82d3750073b1c52f79e8d484340dd354791e838987edc19d7
81ac039ab4,10000,8caac1387a8d140a5c2bc43f073b7103144ac983eacd49ecf341006a798a590e
a4425d8ab4,10000,2fad61fb701e090eade4065e0e0414c479bea18e99f4f90a16159e4acf98a050
3f347f829e,10000,3fcc1b41970171bdd583a2801c30dbf696256b915e9c10eb3804e8775a304f5b
6ff88e322d,10000,9d109cdb4099f2b24bbd471bb67755bd5a1cc0c87b4a61d5de414b42400903c9
cfeb09ffc0,10000,78e2ec2edb8d6d0afd0f4a1c612dfded42613e1453f4ac4d9be5d6bcfdd33bc5
84d66ae1ef,10000,f53246eb4843f997af1ee653abc65b16b94ff8400ec4a3ac080f49c45d9b5d32
c00d79d5a8,10000,3fd8e632b6926c0206f5d14f7dfa3028f64e6107e31df7dc0898169054d4d09d
a044d8b930,10000,7611d3b8f93deb9df49af017060d822f5ff50b65995185290044df92d1ae0328
d811dd2f5a,10000,abfa368c6b3a66ca12c5c6d0fa846751fda0cad15c0eb9958a5b17a1c14dcc95
490e0ed0be,10000,e0d81fa368f80921c683f3339fa900810b2c05d7ef3626788d0b38b50b18a732
3ab33657aa,10000,26c636922eee0f78d20eea253eea18b991a805f321e2f61b13eb3b046666e156
8bb8b52e93,10000,ce433f6cb96df2d3e9eb2c69e6b09138b6bde24b5280f3adfac6b937ae00c509
2d30afd6e2,10000,13cc175044884759eb67ffea560339dbbdf4c40d4b99b58d1215c7f5365d8c50
a7afc39596,10000,67c5c584ea821456400c483fc07139829783b52086f6f5508b35d2ad6ef9c8ba
dc9fb93cee,10000,a044695942eaa7b280c1d8f4e3ca2e728198d6f8444cd8aee45c2d39146fe648
43edfeefbb,10000,0168e8d39422ad78b9b69e14b3bceda1a7abfaaeeeb8fca0bd701c584fb57bc6
9adf20c096,10000,94fdf6e8da022bcc269455fa40943ffbaae0b4e533f9390fab091fa06251043e
e4d7baf7ba,10000,ffa206c581cbc0a0c74e5314423df786f615a875937d25551ee549b6042bc867
8dff137a3d,10000,2297c50e08f611cff8faf3708a9b2f85d482d6e36ab35891ea2cf5721b99d757
012dca52b3,10000,3ebe42f38f66fc884f68f4db3a1e8d677b25c1e288dbb0e87850905454ce11eb
0ba9d52007,10000,a6ddb7fa22a47479c9a06e7608ce58d000b99c58b07328ea8bd9e740a866dbb7
f2c270990b,10000,557cb2ba67adc15d4c144a6e0d10e84ba4231a37d21708bab1c049069ee58157
18f1f965ce,10000,c90d33e3cfe99a4dbe53b9a3555e9a8fab987efff74abd5133bbfbd0b9e9cbac
844d02bdeb,10000,1e303472a455d98941366708e3a737e18b0f3116571ea4a92e1f29acd97cd296
2ec6652133,10000,a92216063aa5083bbe9f81a072c232df63b60fcee22c7c1aec8536a64fcad824
cadea9845f,10000,9c3f8898a82adc3a2172cf72af8a03df4b80072753bd8aa13ae4fadedf042833
c788c26201,10000,153feaea7904402bd7628b6a5cffa4d91e52bb209ede1faa8ed4de184feed6e5
9da096f367,10000,834c0afe35f3c6eb0fc88880ab8fba24add41cd6f7cec11510ca66b6a9bcb154
ccf5507010,10000,bf6bbf1af3312144da5f63f686323509e4f906547a1b3245b1ff8d15882e0d04
6210df16dc,10000,c681c5fedda7bccc6699e734a85dec7a9015c1ad81234071de5cd11411a0e2f8
73682a5d38,10000,7f5bc017d41a21e9ad5a7a31baedb66000fe4956b4d346e7962772b34d8352f2
c5a3e29da5,10000,859b6b21acddb565399361fa7f5a88cb475b9d2aa0709fb3f0233daf34e7e2b7
0fee5a0f88,10000,70764c39c8defcfa65e0bcee32871bfda1a6879acf20b2f95dd9ec681b4dd4e0
48e71d1b55,10000,5bf09cdb71b0287ec8b619037f6f92276500fd41c8473cbd9426c3a9df065cff
782ce47d7d,10000,c674491d993b62ee427cf03fdcb2bb79c3150c603b86e7069f8c6b2c15e6ecf0
90c642e6a6,10000,782de0d5f214171c65129f85a2997e32590db63d46888f3ca13814161e315847
7f627c9eb5,10000,898a76510baec10eb6e2cf0eec8c28a3d1f22dfb047bf5005af046b618c1b565
34db44e2b8,10000,c97807b7b0b8e612e9b7297e035f1a100dc8a776bdfc10ab66ebe78de215f8d7
46186b1873,10000,48c9627b9959a2c3835d239b34e36f85ff36bf47589de197dd35bf1865da2835
8cf229892f,10000,94dc8e8a4aef3d590f181b98d95f205569d9700fd83763cbca2de73f4e975f5b
c41685d1b2,10000,5c9afc9db7a24687e111ff5243ce9cbc9bc7b802d1a0fcf39764fcd0f04210cb
7c36aa2cbf,10000,ab6a81eac4b3f0c291d0cba6db7828df4b4ecbbcee8e9d72efff1e4c5d3a6642
51bd3b0f9b,10000,594795070ebdbbc5f43fe97b98a2c35b6176be98eaa6444a62086ed0f8108d70
1f576aa986,10000,a7e8cb1900f9a5bbd9376244dae62293d8f46603410a2a5516dd7e039af255dc
9ff930c3ef,10000,92c23acbc58b462ca5d1e9513e7fd1ab005b4f6628e40a3c54f1db8651d77363
95534dd9f4,10000,76723e79f653222611ae948ab69371f6fe8010533e62c6b5bda691bb6a21f5f6
ff1638b5d3,10000,41010a85f1a4554944c9a114eaaef78472dc022c741238fd2fef082b3265fe47
c3664ae6e2,10000,abd150797dcc4f32748f0b85d03d97446121993c2208c87a2e2fe7011a0d58c2
a1bf313b7e,10000,17648a858f8f2488554f2de233055ea3ad8508f3a3ae616c405b7225a36f0407
6e7890b2d4,10000,03b434be9aba095eb2468aa7e5ea1d43e453711b9464f3f142a35b6d2c9ab9c9
d54dfe40a7,10000,d6d374283ef6062bbfdc510d2eb6ef1703892051ac2b1e3b6ec77be01801d2eb
ba596d1bc3,10000,e2d22792cee3b4f2c3f0a3156f4fb148a71118400bfbe5ab0dee134df2c4b418
3619325247,10000,f94421e4eab0083fb1719951a7fd45ae81bd61be73e3e2da899a67e9ad8d39c6
ccb8bf12ed,10000,6340a9a51743d3fbe3d96821d96980b973e5ac059e331d011f029bae9e75eb02
4d71ef848f,10000,23d28985cd0f867da717f7f1076cdb285fe6ea183e90a784edf03e4e19deba29
b086cdd09c,10000,765ed1953e1ec89a0b9da674029a9071b6e3f1ba23b40850607cca19e23192ac
4fa37dc8cc,10000,0a050a253bfbda0a8b2e3bcbf13bd1d8952f6074113d775e6326435b8437a635
7ecf95bf68,10000,567b2bd29efc9db95402369771963f79828a6f310486032d90c5a2aecd1a3bec
de3cdf4ed3,10000,513ce952b25c6f261b69bf651d1de23962575e16333d3479460b4f39e487344f
75b7ffc34a,10000,68978a10201c9266614e73a5127b2e3dfa6cc78de40b597fa0be01ab928a9ec2
e6ffed3853,10000,e168133e8dc2786256ddfbf0dbe5a0e7faa1a7d6fe73c01c8125ebd7c9efa039
4221041b7d,10000,a2696cc690a82204f57d00ae277314400d811d2ce0574b22169b75a85205ba24
cd55705db7,10000,18cc4d95363250f3d42e3f2127d3de98dd1b0e465fe0028574cd1e81cad2b30a
0d1c928300,10000,670cb73ca1eefaa9d2abbb1f6f4b19aff3eac262f321be7d0fe90846c0132565
fdc387f125,10000,96bc34a0f0b14942eda4fe94ba56d5159191f2c7096e3b3350bcbaf0546e1f34
85178ae620,10000,64a5e42c854bf5c6859117bb8e314b1c05fcef11f9be3b3ce7e8edd37793c2db
8c82f8bd8b,10000,55b928458f2a958ddf450977dab1348d9b63a4d7d3ac6a05aa7e68b1e916caea
202ab08f5e,10000,e9be7b4c2d31dd4a4db4ae24b526b69299d50864688916b44f92244bd424a14a
930be808a2,10000,355e91293fe4f0a0369716e900b82c726cbc8ad369eb2bc41a0c8efd65863766
e46a197dea,10000,a9e9bd1a32cfb51c207bec06948e08c6fb89b44ed2c72d37aa5d589f61612543
67ed0765aa,10000,447823d22be07a35cbcbbc763b0b710c017dcebe43538e685d7cacc8c5a69a18
024119a82e,10000,860409a87f94af62ac7bb0bd5c2c349ab21e1f7ab7d703614c05d69bfa5d39fe
7b0127f529,10000,fcc3c6cf9db3ec851ef24f067c332bc48fc981b402aa5d71cafd7ad6b1819179
b488f94417,10000,d11ca19e5e943a9494b6875a88a8183e553db674de00b6ea3618b79f8213d163
79c4d34702,10000,d8e05c4b32544929070d3c7ab778f399971147c52b65721642b32406ca195f9e
a662e5547c,10000,afd8deb5a0f6816a88229589924df04391d5a02492e629235916f2271ad9c86a
d80da2c59a,10000,1b1c4cf087d667ef8fe5c9463e6e5300c0ac4558942ca2561ee5bb91f6df9f6a
72c92e6e59,10000,e5ff176e403e9f25123b9b8768fa0a34ed59c264ce5de3a37bf2b831bbed4878
ad32ab698d,10000,b76c087504a2063e30778ac9cb62603867278e7d54e238ece6cb7d1660bf62c2
a4e9d1a21d,10000,eb808992939039e7ea7d4dc483ce4f8ea3a99e24312af0483d64da60176f7166
ca37e498e9,10000,f0dfaa12c421989078700e912689ad042bbc6078d71a96cbe9e7f3eff8e65c62
f426874ecf,10000,b54488d3260965be93ec7e8b0a47ba11bc17772e64b498920bbd43a3f9618fe6
780cbc3c9e,10000,f334332bff2695e6f5abd3b4251ffcad9619c22cc57814952a50e5a6cfa0e0ca
fa2bf7c6d5,10000,41ec6391f00c4758f5d32fc932aa8f24b29fb28760def78d6bffb81b1b59b9fe
8bef690640,10000,17e4fe3e5d8be1eede4ef5684e69839f198950fb8010d6701a12321c96b00fa8
d32d494981,10000,344cd83ba59760632d38621fb7561a491fa643cb2eee600ef985fbf52bbcb0eb
ed497520bb,10000,e02f909fad0249b56be127d2a832c4d1a4215c913a8d036d82fbd09de4cc42b0
a47a60dd57,10000,c8144cdfd118435c9e8a1b3cc0eef55a5d1c2c2d7a8bf2adf860577879cdc34b
faf0f7bb25,10000,b6ada18f4f408b1689a6b65b3c78fb8a3701ed62ad62715efe9d0beae606b6f7
0ab242b717,10000,cc36a1c6e5f0875690b46c2fde680ad361b359b11951aeb3e76d110a03ec9d36
f29ee81817,10000,4ceee2b43dce7d0a2dcfcb063e617e689ff8f9959c1cae31b68eccbb17e0aba8
4ce47bba3f,10000,6300a58bf32535493e89811266d5b3b35ece576b362858a18b59cc839a74d18f
5c0a95a914,10000,132cd7617c4509174601706fbb69452ae91696504a22be037689a5b607ac58c2
bb0034d65e,10000,738ac940fcd691d629df5a8c6125e036001c149df606ab21ad9237fd0b6d482e
052132eeab,10000,ec1e9f26dcc8a6e469a7aee94b2bdf59d8d04b443a0f1354eef7610a7e063422
18187ffeaf,10000,c42bc1174d5c79bfd0beed9afa1b177c88a4765bbae5fe9301d9a7c3c7c26c97
1824c1b755,10000,e1a2c486507a2695b84dcd4b1046ef83ba24804d071be71905f4b098b409dcf7
dab3be462b,10000,bfbed6421560b331a4089578b05fd7398f5bf7ee560a2dc0cf887b485fcb2245
2477bb3b10,10000,38d3b317c98c45c36ee752a1c77524ca7ff637c0b25338275e55196e49758c21
e0ec318156,10000,fa030fbbde4b8a5e53b746891460efc8d8c45bb831f4ce4c9ec94d29ccb4af88
b183b16389,10000,2ed9d5648d3f7182f757374d58e9b0d056ede027339feb52db4cb76ab280916a
8a7fe41054,10000,3d7b2f53e43f7c55aefe9b40d3e96bb3cf055f55efb755ef8bcdf57619203008
91f51080af,10000,761058916a02acdf3bf6d6b50508f0e397e25768cc7ed6692d11c9b3a1338e81
05ed674c5b,10000,f480d44f9f97be793f8970ec9eb6a1f7783f6d129dfe80f0945a2f69b256f4cf
e5fd149ba8,10000,0af6e75882da296e90c7b8d8985da1c897a74dbed2514d34f914cf2f931a8061
6289bf009e,10000,0138192db15e2a2af9c181b9c759fa4d893e3b72e46753744a14be8d54c44637
ba29ccfdcd,10000,9ef9df6ddf55f8554ea2bd2cfbe9f32ab3acc37729b02812571c8459e6c6ee05
cf253076be,10000,46566bdab1e01f1f847428c2788bcbfc33ca1a1225a09f9e3beb4c5b2389e8c2
b85a32f7e4,10000,066368d960185bec6b978998faa734dabf1466ce98ed39395c34beeb14590016
efa3031a0c,10000,20b1d38d63d78adac80c2e908775e7a6a340e7185290bffecd1b281f8269e017
c800b0fbe2,10000,3942fe73213277e00646f299ea4e8f545401fca53ac60d9307d3b8e06c14f504
4053c3c4b6,10000,1725826a304d246c763b4b2cf4dc6decc0becefef8234cc0063273e2cd7f4a2c
c1e5b89ce9,10000,e11fed69a0b4e9d3325e096e1a3097a1affd558136eac26fd7520f6ad7eb1f00
255fdf84ff,10000,0d50f55a2f50d817742be1178ba31511eeeabf236725ffb4aa1670d60ac645ab
bb913d9669,10000,bce897cc90994d557b66d998ac860af001058ce7a11ea57231eaf2fa14329143
a442e8357b,10000,1a8836e32af5f44246576637c2fcd94cf5822391c62d4515a1d234aae429c3fa
d74f62fa00,10000,62d510f2584f16ca436040726a58c50f513f492eb3e6ca796ef177b6200f5256
ccc7966bc9,10000,344aa6690fcfd2a3780743ee63b66c7a10ef2c44435df91e013c436b964a2ec8
52124bdcc6,10000,4cfc1b4990edc2dcfb6235acb834f3542d82f43392d64bc72206f4201441c5db
2ef23b4c2d,10000,3f7c6ba93bfd1518c5a17e44b9fb8db2a28332fa62d0ac560960d1142927df73
ee128ed282,10000,9260288744680e9657f8db57fe1f6003dd26aca1f21797f9336fd78ae099c9f9
1b2727ce35,10000,9690ece36c54bf5a95b4112b16cce9b693b12e6d7db851aeef963fb676d03d56
4be646ad46,10000,b320ab4287884fb5f8351166bd62290361c725a279b48eebb11e94db46288e0f
903fd0e1d8,10000,1bb0fc388cd36cfbac9f1c82c71df22101895f3a159d02f9771b8d4a6b0f94ed
6c22450c91,10000,b6eb40cf26bb65d5270e8f99b96675d7aba35226ce374e29ccbd23dda73fe6bd
f0f8f186ec,10000,58b8fe960b494a17eea5829754e9709d4907d00e6a753fdef0f030b939b62aa4
6b11ced802,10000,9d247f5555807e1b0ad77c46644da3b643dc12740c98d1f9bd766af68331fa5f
0fd0a34869,10000,a19eb5dca5cceb503d5f58dbf4773e3334d9b2a11d5b3b5768862786469c0e5c
2366a38d19,10000,a09d1cc0bb9b581cb890129861166ef914e0f04a8d480e7ca72ae52e5045e2c0
b60150673d,10000,e276058a5a561261e987baea25c898c9d06b9fb457a657ac8e18e3a78e012661
f7e3c7f777,10000,e634487062d59fa20add58e326381d32d111ed835fd38dd1ff623ae37624d57e
6c1632c174,10000,85b9373d270e19f277e39673650b2d9782111c65e742d778a1bfd071cd9d1ec9
b3d3292e7d,10000,631e389808e74ab6ee1f0790010bf709b887e39592c396e31b89f89fdf5eaafc
e78d0c97ed,10000,e3fa8c98b8d4fbb8844395a1fc6d006c475fafbf578fb711db6af697c2c0e51b
cf6f437863,10000,4271d7866e19ad49e9c7da15c62b306fb449865596c62e9f94cf64b3bf9b851c
6f5208de37,10000,093f087f49c6ac74173063440c71bcc5b8f7c2896de1ac6eb5a8d840cb2bf848
fb46a45f9e,10000,3d2a694d820fb9019dc9d6a989209c55ebc293be89750a14de18a366e17b2ff6
fffbbc4195,10000,838271be39688370a4de07812471079803a3a559bafe53f675d46ee9a060054a
f94b9f9ac1,10000,d1c1220840f9a3466d8e9dfac4cf39f46f4680db5abedbea18b92f77864cf737
2df4b35f13,10000,b67789fe8a34de4b61f8d9955be9032c592a1720c93252a9778dc8d49abd9c5b
3f75a027c5,10000,8ad9cec6e48393a059c69dd5c04e9745d6cae2a986fed8cf5ca7d32d939bea7e
60b7c4630c,10000,d5e04ddc9cf79dfccc00552e5c0b47cd8520ffb5999f23c72b68a1bbdbd206de
9d5f636954,10000,7a1ae15c6386f811b2df09b84973154343756a0f7ee440bff9dfd956c4c57ea0
851711c997,10000,147f3f56f342190f7df1c650793169eb860406adcfed6a646058cd605f2b3f05
32be4f47d1,10000,5767ccda184f65202a7383ec867aec6cab7ef5507470b095679b7f3241dd1f4b
2a0cd6abb6,10000,645bb5e19adf1ae286a77e02f7996dc4f501b86444cca9a5970b12df3ef84c16
d9fd1fc06c,10000,1a635fd865e0e98e8cd7fec43262b7a9f8b099ba81f30fb767cd7e4317401f7e
927aa16917,10000,3b1aec8c0e6d1ffecfbba308cc16375a316a07189a2fe8320c4ff93cbd042111
b0a80d650d,10000,a16653e6311003deca5822e71d2b028937f6be0aeb2bdb022bd00cb6cb36f983
cc563d9b54,10000,ceece294ba48c8b6a1b470c0840d844d93dca5ccb24074edcc17e53eb4b5a5a4
475104d4cf,10000,98ab33f967ea66870c3223b8705b7dfec670cd24ab217a775ab1f37019298bc1
3612b1ad8c,10000,6ed830ab9fc63e38654c2c7c05e844ee383750aa2587c7b02efa985604b351ec
37f32d62c4,10000,ed6e90fe76f955ebf060643e9f1a3fb09e8c4802ab9c22fa5b799c0013927a6c
e79dacb591,10000,bdeafd0d18cfb317d7141844da6ffde28bcc0a3aa7a7ffc54578753b8559dda3
79dad2e6ce,10000,69233e7f84f08260289db70d22ba669cc8d7efdc24ce369aa398c6d032eae826
8f5b1a301a,10000,61e92371a46aa4c608d435d0dba84984ae8e516c6f1be9e086fc786b7fd2d0f5
10382011f0,10000,d0239de334717afb230c4c340ef681665cb23476f2895a6c3d25186bf10d67c2
82406afa10,10000,a8fe343a6d368674163d99e1c05710b78750416fbe0567763d4d854fd69df898
b05bc0a146,10000,b610332b60504b31ad09079bc9f7c2171d834e6c0008f233f7b6b0c968dd8967
17cac6fcae,10000,51c973d512a319644a33611868b03dca9461b4e4994c27081deaffe3243685e5
f6c924d8a6,10000,b8e729b21c01f00d421cec8c841c5b8c850fd13de917543b1a4bc37fb8b29f0c
5eeaebb554,10000,f4fe7bff6394a0c7bf91bc2fa7ce84fab9fc3548cdf03946359bab6eb00d84e4
5b140e3ba7,10000,fc4cf9cdb5da57b86842ab3882b19a9aba05c68e062f92138a95e8d9868abefb
498f3d1831,10000,61679c4f6539182d128ecae5589bdda5dc26c4d4436ff00c521544439dc05171
51b63a11ee,10000,31efe01382676c3e1551cd3852082486bfb806c297576bb814627654e2ceb94a
eab9202ffb,10000,d94f0bb566b42915529e95d65ebc36b83dcd19cedefdae1fdcdafdd051672a90
6659e689e7,10000,01d745c538e732e7ffd38a74614a180c91a89942941604d9d92cec9a8cbf6935
dbc29f7272,10000,0c67ce2af02e0a2663cae8b80d1031071b3b230804c5ac4d63b5d58dbc378927
ea285cdec9,10000,c46c3e757d9c1ca19c5d064b56d83730a1337b6c20587314482b5379b0e1aa8e
62f4e480b6,10000,9b20d8de2152d83da87af0a13a57f2d6924dd8187c8d565daec82f3e3fabffba
82b791cb2a,10000,f6661ffcbd3b9575988a52303e94bea68dbcae955b1ec9bb44df9e208367823e
cbf5214290,10000,1e035378a58190f74b76a07586f138535f86af41cd5b7c6364e9481478e922cd
8737092087,10000,9767668733e2c4cb12ff60abcfbb93d040fcfbbaec8855abcf5f616744d7e8d2
6e1a089118,10000,20a77d067b281932cb9d28bab3f50a2af28cf75631f1e4a32a932c049d39ae4e
376a104b06,10000,a7752ea904fac59ddf62e0c9b9758b8a8baeeaf8460288d37aa7cdb0662b43e8
206745e9e7,10000,15ea0ddb426a415950196689d3637c8c93fbb78c187c55012af4f4cad64ab5bb
aa687ee6f4,10000,5dd6762ec4cf5f0455f00b1e1e9bb5b19a2a4f13508e2990645b4998ce5528b7
1ef6601d46,10000,6c16d63e040355b6d8fdbaf8e6cdd4388b903471ff2160260b9a4a8fb00742f6
ca85617d7a,10000,2cabe7e56585f3543ea80442670461a0b81a2aaf01a1b472d69570e34716ef29
d8faec9102,10000,76da4d6f0ab5eb477343132f3af9a7d6b5e2dc1633069fcf5c04192bd5064236
4160a6c01f,10000,08b0c43c7d033a4a8c291fdc66d0a2b3f82922f8968538d4052a0c347c66ef53
3fdf487c86,10000,4365c8a00776829cb41f7df5a83ebcb6aad0ba9d56151d89bf8e3ba88ec9875b
91450271c4,10000,3cb1d07d84405a509ce5881afa177cdeaf3e4a6a0501d67fe6dbed7a85702d98
17d2858cca,10000,2d828e9b1aa021a04bd23d4bd6c8c534b1611e34933d9c6fc054ad1320b83a43
60a1878564,10000,788cb12d64ea419860e084f243a4e64604e2cbc282348c544f84519d782533b5
e959215a5e,10000,0d5672b779bd3a34aabb6c474aa047c9022c8da8891c84cf05f995045f49ecd8
07281c8d64,10000,748bfe6b63caf23bbf46152eca5e11f3ba391cde0164ee3bb82d5b5819a981fc
927544abe2,10000,e79b12ae5ce7482a62162e0677b70155a2f1ad599d1d2e4d910fc4420994dc74
873cbe86e1,10000,8d2ae00190de389c7e269e02a17abf547e8b0a81a2ceeed93b7c3afcfcc30204
8a1d5f4e5f,10000,64d2e884e04bbe06001314517c6d0a11c2da3b386fe0dc42f1e5a77e3b12ada7
33e6646ce9,10000,ea88eba276e142ba535134b09a3d17b269e607197ef68fdf5afcc285211f026b
9ff0707d37,10000,bc203ea3effad30709626ea32081d75839c0115ba3b61075d3cb42636c0d1992
613ef953fe,10000,2ea6bd2fbb3209459e4724a4449a6f225c793b1eb8983f2e6e0973286a29e891
868a301f31,10000,0c9f4ea00f9f1a060f79ec383c885020bb37191059b8ce3499858d72ce281834
635101f50a,10000,ebd7b2970ff3e52d72564655efbd9f75ab4310da298c6d57d54dac5f8d11eb95
2bdcbf054e,10000,07a26da67729529ebdb11588946be96928b9c3d1e0a98195647e3e3ceec88cc0
3749e16df1,10000,5d1f24786f3ffcff372e74b7402edd65affdc16d5c06dcd86c1ca6439d3c7776
7b6dcf5fcd,10000,235f7147382365031c701111a05fbe3ff96ad7496422e56f0ee2783d80660ad0
a2d711b877,10000,8ec3c2431421fd6561808fe8e95a67b08542ba72004886b2ae4f34d80ba1502b
e80a1c36c3,10000,0f8fc458e46c7d7367fb0f30299af0c620c1ec0b360eb75fa749dadc18d27922
d50242a601,10000,07498a2b5dc15cdedf2bfe4198c9c340fc6819a7da6f557101db4f5ebf944ce0
463f61fc76,10000,1df7c26f20dea11e470b6d93f398377389c5ec740c154c16707c071856638910
27a64fcf0e,10000,9f8b10b8448ba8c955ca130b02c8cd707e8c36d790e723f12395587cf5e39f72
57ea656824,10000,d285dc1da3ab0c47268a12cea5b095a3fb3954c42ae47095d22560677031a128
20ff591cb9,10000,5d9eabe529bbeeb5e0a4713d3b225ec2cad8c9c67cf851f2bde42e8235b17abc
94b349d716,10000,dd22958ea527c3f191288fbe413a711ed86f1473321781a44f3a99b7a0abfa66
aa1eb9ec6a,10000,1f5fd876834d6e178d2ea0e6fc900f23d21a76400c1c038ef307cd95f42b7eb0
152fd63783,10000,6cc39745f1296b6bb7748b724d5ffe24545aab92d83df08f97f0605298e1ee0d
576950c664,10000,d3d0dc4c703ff475d1b49ed6b5d21feeb8238615fb27a08b8ea50c016daef2f5
2651c4d364,10000,fdcb6efbb232c062e8f4fcc20561d8de2b2a71079cf6e862da9a26b935b97c57
b379810ef0,10000,0f903c5cf0fca97d4a75a9e84a2d82dc4e7f327bf4847da059e7ef409e459b88
286f775280,10000,5eb287f2e3f2ffa21c3a29452f569f5f25640c5859b367b41a1308466a4f9999
ab6abc41d1,10000,e5db5a8bb554453dfec98ea6f93c89741336988d7bca241c2fb001940c82516c
2d180f9908,10000,381977e60210edc47e3b27b74d6c58d8c52026fd48e45ee4adad2a06ca5dbaa9
4ab9725261,10000,36499eea42ee7682bd7270e883423aa66849ce97b42b349cced89363f2706d90
a457ab7ff2,10000,8f1933cc12ba96c4dd57e0656f10a1568b48c9ed9e7f75da0e800bcd3a977357
c33340ca1f,10000,115d03102ebfe80c5606960c2b0f9ba231f31798e0f5e6a2ac1f03d39a985e05
8b87b147b5,10000,eb49adca4f2cf8e14e7b78da7f23ca28295b4797c68f2c1cbc75fabe21965f4d
546fa07492,10000,badaed1cb2cf04cb90d1f9cee53b9c005de86b0481773a21b4965c094df20801
a2a428975f,10000,515f7949b160eef60898d312e5acc0fefe7a74ac1711e3db25118826328511c9
5326872bf3,10000,bd09d38ad24d9a7f427feb492a63a9900e30d01be707ee05b8b142fe553bc383
0d3ff60e02,10000,310d0d78673c74a17dffaeee58233877dfa9ded7f383f6df17e42db18f22f40b
e147c8541d,10000,cb3538051127d63b2e0018572e59ecc2aa1c5ddf75848511c2f35dd93a456637
05d1488e4e,10000,c5b3f38a4f71bb62e633dad868290b0802b4a9fd8f05fca28bd23d7888955ef0
3e68e53cf7,10000,2162ba459091d97e8a441bf4fcebef03b12d9b50a3dc323de310eea829197672
4daaa5f125,10000,a4bae23935ae13861fb212452eb03f48bf1e7fa14868ebd7096664597e3bcd30
b420c01057,10000,be0bb7cf83ec3be84a916b01bdfe915293cadeb3447e26702274b4ec2f3c12ed
c7c95b63dd,10000,a38f80eed5a68ee54b7da37affdc0a2064a2bcf2df0d8a6c2d0d2a387413931e
bc4e62a9e6,10000,57e505f2a903d96d9b66e7bff84c0b5a337b701919104cf7e076fa7c38ecad37
241a42f8f4,10000,c288fca98017158b02a218757e79aa9cda6d9e638dc0e6ce5bc11bf6eaae425f
67b7a7f35d,10000,e991cd7fcba6d12497ad2bea9fe310be13d19a64900fcad80adf67386d261b9e
d61cd2a15a,10000,e54c1b483ba54ac176e6d8a5d03b0be6aa076fcb43817406b22a068825cffe1d
83b4c1dcca,10000,bbbd55e3eb4447ebde18bc72fbd3d79fb60dd6731cbebfdd57bfe48e52fd5d1e
851d055d62,10000,0422c609a4a63c48e857d1e5120024af6a6d8c9908f20c2c0e1d8e57fc76f149
38ce30e48a,10000,f0558ccfca1f42cb4706b19f66d7b184b4223de62c536091624ef91f44c30a98
656c8a2b5e,10000,d3e6a2e181d00b7f5a7b51b7a42cad0b204c41827aef0198db615f44ea5533e9
0636c8437a,10000,43091de112de1cb53e226f22f0b0987bf0b6ec4661fb8201c9fcd927a15cdd65
17fa50a511,10000,6678615da2c9697edca560939308cccae7c3e45a18e639b0ed37bcf54dc2fb69
82ea0daff0,10000,2b2782c4e32b272329cc54f01f822df66bc88dc6fc6f425c766cda76ecde5f63
e2c6ce83ec,10000,a5ddaee70e5f8ea7a83a20082dadd84ea046a26e01d377db7c9ea3136f828d27
b4ca9f9bd0,10000,0e5db83a0db2e87a47e7da4f6e03d86669310e0acdc8f92a56bde3ef7100a61e
9efbbc1f13,10000,bffd1497d7ba9a466f6b246e4c568303a41fad0def2048d6f8a15ebb11bd7970
de4d77dea3,10000,1a9fa49a3478134091c49ebdbe5bf889eef9564ea9a361fbd99add60e8cb7578
a2598645c3,10000,568af0be22d442ad5e04d01e53ad0523f6cbdc09051e6722a4d09ed9e4e2dbee
c30289b7d1,10000,be12c32c44e98d6a18df05e50505b4810f47d4b7d43ddc63a00216a4ae7448a0
3b544e09eb,10000,1da0505c415e6bcc1311d626ce057df36d2fa8366ad10012d7e48dbaeccd7423
0f84e61f04,10000,3a84a60cb74b418901243eafe9617fd6908769956a543edfa21171b1d652c023
8ac05d8362,10000,f6192f11755281c674efc08272a361e50f608821d2195c09e03bd68f5ace9e92
203249909f,10000,53c01111c5d28e9c6b7533f15e4e749369e7110b31fbd8c74889dfea1cd33f51
1809984e75,10000,7e795391a69867ddf9dd8d02a9aaf477f66a1e6cfc27377d3f0d489ff9455482
2176264079,10000,6a4f7699137c40df4a19a9d5265e2b6061a9e1027af1b72379691a2a69a0f8cd
efb1e74ff3,10000,f392408d88ff7f425dc6a3d32cb03bc4202dece81432dbc3ae4f98d83f4eee76
fba41c47f1,10000,bdb04900fda72ae6b91212c714d0186aba89cf1769f4414638370c81bf96323e
e8c44c2c82,10000,733c87fd167e85f861b587ab1e8ae1eddd19e06c822fe77e19e0f90f89d0cc7b
6c8e421394,10000,4640a225dc8db746f7ad7f8af001eeae1d075fe613d56e2f8b3700fec14fded8
046fb44d7e,10000,6607170c6ca70b062408de9b6220fbdd90a7bb36b731c7b7bdc3e7df7089f96d
654be88246,10000,1ba9dbcd612fd69e3749337859026c9ba5eb2977e86821682f8ba2708bd6678d
a4fb8fa6f0,10000,292ded45262374867a8d062aebbf44da65f567244c6320139e301a86a2c492c8
bae7b0ec1b,10000,341cdf201e1b5da2bc9bc186f859bcaf27fc86356b53c7d4b74c2181f620e444
64a3278480,10000,3b1e476d4e724bd595c8244c9a50d3664a7badfce4a8f9042555fa4a3ecce308
697fa7d9d7,10000,5a1851e0eac26fbeae83a569902cf7503cd255860977584d3e2922bb8f27f1ef
9749edf1db,10000,85ddc3d10e07df41b1c078956e78bfe8d653db219463a6f1c49fd96341c95d4f
7c48eefeb5,10000,7b12ca3ce16048ac1d327a68a59bac40db3780503516f5f9f00fdc2a20503420
27e7e2a1cf,10000,b10a26cdd53001ceb78d51b46ec5cf1b934785b0c56b83164029a300dd407539
4632d16f30,10000,e236ca5d05d1ce44d92c6a527f8c6266856b83f29f21be42f35b70334bfe5188
9bafb068b8,10000,771f1d89ba1f0f5bf7c804f10accf8ad2ead86c80b88ccbd60ea13bed40040b0
281f735b37,10000,ae4906cbcd45b6db8c876844de8a4f52bff9f180b96d0bb2f5a8c97face47d17
495378fcf0,10000,221075f526c58df44b21ad40fdf2e09375b5d391cfee1d41c0711c67c30e7682
9d6085eea3,10000,832fb4100b06a59fa71a86c3f46e80eea739b972dd62d420f479eb3426c4c82f
ef08431d03,10000,796d1995dc09b43ffb6ce8da99400667eaf10d43968cfa1fda1d38f2920900c3
f76451916f,10000,e059ddd734ff00d12b5a2057358e63616609cf83b74f3008c65aac6fe4b1ad6e
58b7a38ffe,10000,5c21e1e7c722e504f4c50033ffaf96bf9aae1ec0812d55b0ca29bbb35af0d766
f122ee8299,10000,37074f18364d5d78581b02d64af2ccecd31aaa465993d7b8fc1c1b96b69a2b24
830c9b138c,10000,c07a91ca0bffc4fe149a0dbb93a7824db79d0392218f77534a38137c2150cffb
2a4af491c1,10000,2035de562b681085eb1ba0c3b40cb4644a14ba7486a21fcb7e780e9d02c08e07
f901049b29,10000,6b28804f335938e447a78cb225fd9de4883110fe72ae263f940d778d4f5af96b
66b7e40ac6,10000,11f76327dcb4e192a0770b0ef404fefa80c5911d8243d6b68e66ef20f53bb04c
125fbb737f,10000,026971db4af8987eb7907fe677d12c8e5d3f4710bc2bc4971206a719c0bf4bac
11e3284da0,10000,8f298e5443bedabe1a37cafaf17fbd32731103868dc11bff27506a76a33e1af3
885fddea63,10000,c464764b5ef4142ffd94d8f4068bfbc716907282dec0075d555aba9500c41114
